words,V1,V2,V3,V4,V5,V6,V7,V8,V9,V10,V11,V12,V13,V14,V15,V16,V17,V18,V19,V20,V21,V22,V23,V24,V25
abnormality,0.199,0.013,0.153,0.179,0.009,0,0.205,0.052,-0.12,0.024,-0.028,-0.257,-0.077,0.067,0.095,0.191,-0.023,0.03,0.06,-0.177,0.006,-0.156,-0.002,0.064,0.02
acceptance,-0.593,-0.257,-0.054,0.103,0.035,0.011,0.135,-0.046,0.114,-0.096,-0.058,0.097,0.095,0.129,-0.058,0.024,-0.14,-0.053,-0.053,-0.025,-0.015,-0.063,-0.037,0.021,0.046
acknowledgment,-0.549,-0.3,0.187,0.013,0.113,-0.213,0.04,-0.102,0.087,0.183,0.039,-0.053,0.018,-0.001,-0.094,-0.106,0.019,0.085,0.048,0.07,0.04,-0.021,-0.046,-0.103,0.027
admiration,-0.723,0.107,0.073,0.134,0.107,0.104,-0.088,-0.035,0.13,0.061,-0.066,-0.021,0.107,0.02,-0.008,0.013,-0.034,0.103,-0.101,-0.097,0.033,0.058,0.011,0,-0.079
aggravation,0.458,0.213,0.004,-0.124,-0.086,0.013,0.133,-0.004,-0.211,-0.069,-0.045,-0.055,0.114,0.066,-0.033,0.003,-0.016,0.025,-0.13,0.012,0.017,-0.053,0.09,-0.06,-0.012
aghast,0.387,0.23,0.116,0.14,0.161,-0.047,-0.023,0.09,-0.203,-0.009,-0.237,-0.062,0.031,-0.014,0.128,-0.082,-0.11,0.014,0.028,-0.11,-0.034,-0.014,-0.009,-0.198,-0.049
agitation,0.444,0.192,-0.015,-0.014,-0.135,-0.161,0.008,-0.109,-0.128,-0.08,-0.11,0.088,-0.155,-0.028,-0.023,0.066,-0.175,0.01,-0.001,0.107,-0.077,0.079,-0.11,0.071,-0.044
agony,0.639,0.029,-0.066,-0.015,0.112,-0.04,-0.133,-0.119,0.098,-0.044,0.071,-0.155,0.013,0.095,-0.09,-0.038,0.021,0.143,0.017,0.042,-0.002,-0.005,0,0.104,0.062
agreement,-0.552,-0.152,-0.026,0.245,-0.016,0.069,-0.007,0.05,0.127,0.083,0.136,-0.06,-0.021,-0.005,0.007,0.057,-0.019,-0.061,-0.134,-0.06,-0.021,-0.068,0.044,-0.068,-0.028
alarm,0.176,0.161,0.213,0.211,-0.222,0.147,-0.065,0.099,-0.117,-0.081,-0.028,0.026,-0.086,0.018,0.143,0.157,0.047,-0.078,-0.186,0.068,-0.009,0.243,-0.194,-0.062,-0.004
alertness,-0.397,0.029,0.084,-0.284,0.038,0.064,0.18,-0.107,-0.136,0.123,0.054,0.079,-0.081,0.095,-0.096,0.044,0.195,0.004,0.192,0.036,-0.114,-0.035,-0.096,0.071,-0.031
amazement,-0.682,0.243,0.279,-0.151,0.076,-0.008,0.154,-0.045,-0.063,0.06,0.089,-0.054,0.03,-0.002,-0.028,-0.031,0.016,-0.011,0.055,0.01,0.047,-0.017,0.075,-0.007,0.025
ambivalence,-0.054,-0.171,-0.007,0.047,-0.113,0.097,0.014,-0.032,0.071,0.214,0.183,-0.043,-0.025,-0.032,-0.028,0.038,-0.063,-0.092,0.026,-0.08,-0.02,0.008,-0.091,0.207,-0.145
ambush,0.373,0.475,0.086,0.153,-0.122,-0.044,0.011,0.187,-0.172,-0.103,0.219,0.08,-0.046,0.021,-0.027,-0.01,0.027,0.084,-0.006,-0.036,-0.06,-0.019,0.039,0.059,-0.035
amiss,0.205,-0.037,0.201,-0.147,-0.015,0.067,-0.127,0.037,-0.136,-0.073,0.142,0.024,-0.147,0.023,-0.068,-0.015,0.163,0.145,0.062,0.057,0.066,-0.051,0.201,0.027,-0.02
amusement,-0.699,0.267,-0.045,-0.141,0.117,-0.062,-0.09,-0.021,-0.029,-0.051,-0.005,-0.091,0.018,-0.022,-0.083,-0.009,-0.059,-0.085,0.038,-0.006,-0.017,-0.047,-0.003,-0.01,-0.053
anger,0.578,0.302,-0.161,0.042,-0.009,0.046,0.017,0.066,0.023,-0.073,0.005,0.013,0.036,-0.079,-0.098,-0.01,0.017,0.09,-0.056,-0.003,-0.04,0.082,-0.063,0.019,-0.024
anguish,0.608,-0.15,0.029,0.088,0.102,0.23,-0.075,-0.1,0.017,-0.003,-0.004,-0.086,-0.184,-0.146,0.05,0.014,-0.07,-0.152,0.012,0.054,-0.069,-0.004,0.005,0.088,0.039
annoyance,0.414,0.056,-0.017,0.018,0.047,0.024,0.087,-0.09,0.08,0.18,-0.048,-0.095,-0.112,-0.053,0.168,0.08,-0.016,0.107,0.029,-0.007,0.096,-0.06,0.16,-0.089,0.02
anticipation,-0.417,0.138,0.188,0.146,-0.021,0.052,-0.001,0.238,-0.166,-0.132,0.014,0.09,-0.05,0.131,-0.013,0.125,0.125,-0.064,0.168,-0.005,0.062,-0.005,-0.03,-0.013,0.019
anxious,0.268,0.211,0.307,-0.053,-0.069,0.015,-0.063,0.01,-0.126,0.017,-0.01,-0.035,-0.022,0.123,-0.161,0.071,0.027,0.098,0.03,-0.07,0.079,0.093,-0.13,-0.118,0.148
apathy,0.113,-0.263,-0.168,0.16,-0.134,0.095,-0.166,-0.073,0.055,0.155,0.023,0.169,-0.016,0.1,-0.06,0.041,0.077,0.008,0.141,-0.045,-0.066,-0.018,0.087,0.092,0.04
appeasement,-0.427,-0.281,-0.227,0.177,-0.197,-0.117,0.082,0.136,0.026,-0.019,0.059,0.092,-0.052,-0.024,-0.037,-0.021,-0.154,-0.022,-0.096,-0.072,-0.051,-0.012,-0.019,0.009,-0.014
apprehension,0.241,-0.164,0.174,0.208,0.245,-0.038,-0.109,-0.151,-0.042,-0.178,-0.214,-0.099,-0.046,0.123,0.108,0.135,-0.013,-0.03,0.031,-0.007,-0.043,0.104,-0.08,0.081,-0.045
arousal,-0.52,0.24,-0.074,-0.277,-0.064,0.146,-0.031,-0.012,-0.08,-0.07,-0.002,0.117,0.07,0.029,-0.097,-0.01,0.096,-0.033,0.027,-0.025,0.051,0.083,0.032,0.039,0.023
arrogance,0.253,0.183,-0.294,-0.078,0.05,-0.134,0.168,-0.124,-0.025,0.066,-0.027,0.094,0.081,0.035,0.03,-0.056,0.079,-0.066,-0.156,-0.098,0.011,0.054,-0.071,-0.065,0.032
assured,-0.65,-0.011,0.129,0.242,-0.102,0.15,0.041,-0.079,0.006,0.075,0.091,0.007,0.042,-0.019,0.062,-0.022,0.037,0.043,0.009,0.038,0.012,-0.06,0.023,-0.108,-0.022
astonishment,-0.489,0.271,0.309,-0.21,0.015,0.144,-0.081,-0.045,0.007,-0.042,-0.066,-0.099,-0.001,0.048,0.016,0.079,0.018,-0.126,-0.071,0.048,-0.04,-0.051,0.108,0.018,-0.007
astounded,-0.454,0.267,0.365,-0.014,0.051,0.019,-0.182,-0.035,-0.196,0.062,-0.054,-0.034,-0.014,-0.082,-0.114,-0.006,-0.081,0.055,0.036,-0.023,-0.015,0.013,0.007,-0.064,-0.025
attack,0.481,0.414,-0.013,0.1,0.039,0.007,0.16,0.106,0.065,0.056,-0.047,-0.05,0.117,0.084,-0.003,0.049,0.015,-0.079,0.047,0.062,0.072,-0.025,-0.057,-0.029,0.05
attentiveness,-0.598,0.002,0.206,-0.181,-0.129,-0.028,0.01,0.086,-0.011,0.173,-0.076,0.032,-0.062,-0.108,-0.079,-0.022,0.038,0.06,0.084,-0.124,0.01,0.037,-0.033,0.04,0.094
attraction,-0.677,0.143,0.005,0.041,0.111,-0.087,0.101,0,-0.021,0.057,0.101,-0.147,0.048,0.036,-0.112,-0.109,-0.072,-0.01,-0.009,-0.04,-0.128,-0.055,-0.011,0.049,-0.04
aversion,0.397,0.059,-0.068,-0.092,0.156,0.043,0.022,0.155,-0.18,0.136,-0.172,-0.106,-0.057,0.055,0.004,-0.099,-0.071,-0.006,0.023,-0.18,0.025,-0.163,-0.066,0.082,-0.036
awareness,-0.509,-0.05,0.206,-0.059,-0.158,0.134,0.08,-0.035,-0.01,-0.042,-0.062,0.108,-0.006,0.11,0.114,-0.157,-0.078,0.055,0.065,0.092,0.034,0.013,-0.021,-0.086,-0.098
awe,-0.684,0.127,0.277,-0.141,0.1,0.058,0.045,-0.116,0.108,0.019,-0.122,0.018,0.05,0.04,-0.008,-0.049,0.046,0.064,-0.087,0.003,-0.054,-0.022,0.01,-0.007,-0.031
awfulness,0.548,0.187,-0.058,-0.059,0.045,0.119,-0.052,-0.055,-0.033,0.011,-0.031,-0.009,0.081,0.121,0.164,0.087,0.16,0.142,0.085,-0.132,0.053,0.047,0.044,0.02,0
bad,0.605,0.155,0.027,0.107,0.035,0.111,0.017,-0.104,0.048,0.004,0.066,-0.019,-0.02,0.032,0.001,-0.062,-0.143,-0.021,0.048,-0.009,0.171,0.038,0.114,0.021,0.085
baffled,0.101,0.065,0.034,0.162,0.027,-0.179,-0.041,-0.008,-0.109,0.093,0.067,0.084,-0.16,0.063,-0.146,-0.11,0.089,-0.266,-0.149,0.147,0.101,0.044,0.007,0.046,0.002
belligerence,0.59,0.242,-0.13,-0.102,-0.122,-0.088,0.106,-0.074,-0.014,-0.022,-0.074,0.116,0.017,0.227,-0.039,0.003,0,-0.034,0.133,0.01,0.018,-0.024,-0.033,-0.037,0.117
bemused,-0.192,0.188,0.316,0.036,0.128,-0.187,-0.279,-0.053,-0.03,-0.103,-0.106,-0.035,-0.003,-0.058,0.066,-0.062,0.102,0.019,-0.015,-0.036,0.031,-0.082,0.003,0.076,0.033
bewilderment,0.004,0.152,0.255,0.127,-0.053,0.102,0.084,0.013,-0.134,-0.138,-0.072,-0.014,-0.095,-0.129,-0.05,-0.036,-0.017,0.177,0.019,-0.043,-0.145,-0.071,0.038,0.138,0.042
bitterness,0.544,0.024,-0.218,-0.052,0.056,-0.079,0.053,0.059,-0.096,-0.04,0.004,0.001,0,-0.109,0.022,0.101,0.155,0.049,0.046,0.027,0.202,0.061,0.02,0.039,0.132
blank,0.033,-0.403,-0.029,0.017,-0.175,-0.072,-0.178,0.05,-0.045,0.149,-0.023,0.145,0.058,0.048,-0.054,0.105,-0.176,0.135,-0.057,0.02,-0.084,0.005,0.148,0.023,0.093
blessedness,-0.789,0.018,-0.002,0.006,-0.003,-0.028,0.025,0.056,0.018,-0.104,-0.018,-0.046,0.007,0.019,-0.023,0.151,-0.056,0.041,-0.128,-0.022,0.188,-0.194,0.137,-0.2,0.051
blues,0.433,-0.239,0.043,0.033,-0.139,-0.014,0.132,-0.097,-0.069,-0.068,0.112,-0.093,0.249,0.204,0.043,0.123,0.03,-0.128,-0.034,-0.124,-0.042,0.049,0.111,-0.007,-0.089
bombshell,-0.146,0.372,0.19,-0.246,-0.146,-0.039,-0.273,-0.018,0.066,0.026,-0.131,-0.099,0.08,0.155,-0.138,0.038,0.072,-0.165,0.02,-0.031,-0.057,0.019,0.075,-0.024,0.048
boredom,0.134,-0.44,0.027,-0.169,-0.102,0.086,-0.094,-0.138,0.008,0.027,0.102,-0.025,-0.19,-0.045,0.043,0.092,0.013,0.092,0.088,-0.069,-0.106,0.042,-0.154,-0.187,-0.002
bummer,0.406,-0.312,-0.055,0.205,-0.06,0.075,0.214,-0.099,0.006,-0.056,-0.025,-0.018,-0.032,0.059,-0.077,-0.134,0.124,0.019,0.024,-0.063,0.076,-0.001,0.021,0.048,-0.055
burdened,0.286,-0.185,0.019,-0.045,0.056,0.151,0.027,-0.024,0.005,-0.266,-0.256,-0.053,0.065,-0.155,-0.023,0.095,0.002,-0.149,-0.178,0.073,0.079,-0.137,-0.021,0.055,-0.035
burn,0.288,0.181,-0.058,0.16,-0.132,0.015,0.193,-0.06,-0.113,0.107,0.134,0.161,-0.145,0.24,0.062,-0.005,0.008,0.023,0.146,-0.107,0.001,-0.075,0.085,0.039,-0.157
calculation,-0.186,-0.065,0.097,0.026,-0.106,-0.032,0.101,0.139,0.257,-0.144,0.013,0.086,0.157,-0.043,-0.012,-0.033,-0.053,0.067,-0.183,-0.085,0.031,-0.116,0.195,-0.195,-0.077
callousness,0.479,0.122,-0.052,-0.158,-0.076,0.059,0.024,-0.001,0.086,0.195,0.062,-0.097,-0.086,-0.019,0.058,-0.283,0.072,-0.041,-0.054,0.122,-0.004,0.046,0.036,-0.079,-0.067
calm,-0.593,-0.355,0.057,-0.027,0.067,-0.054,-0.154,0.22,-0.053,0.004,-0.212,-0.053,-0.004,0.072,-0.064,-0.003,0.223,0.056,-0.052,0.071,-0.022,-0.002,-0.049,0.026,-0.003
calmness,-0.581,-0.408,-0.115,-0.03,-0.072,-0.055,-0.049,0.096,0.152,0.102,0.01,-0.074,0.013,0.014,-0.007,0.054,0.068,-0.1,0.012,-0.061,-0.049,0.057,0.052,0.01,0.051
caution,0.098,0.061,0.147,0.134,-0.333,-0.013,-0.021,-0.109,-0.006,-0.174,0.167,-0.007,0.195,-0.002,0.071,0.153,-0.049,-0.092,0.173,-0.119,0.106,-0.122,-0.035,0.025,-0.053
celebration,-0.73,0.311,-0.051,-0.067,0.127,0.026,0.047,-0.105,-0.049,-0.115,0.051,0.029,0.06,-0.064,-0.034,0.047,0.02,-0.029,0.009,-0.03,0.045,0.065,-0.018,0.009,-0.041
chagrin,0.246,0.126,-0.106,0.121,0.167,0.069,-0.042,-0.068,0.127,-0.181,0.157,-0.056,-0.107,0.014,0.097,-0.113,0.034,-0.145,-0.157,0.14,-0.072,-0.127,0.025,-0.139,-0.008
change,-0.205,-0.002,0.107,0.17,-0.271,-0.118,0.07,-0.04,-0.071,-0.175,-0.114,0.037,-0.141,0.077,-0.101,-0.033,0.028,-0.165,0.031,-0.005,-0.101,0.077,-0.029,0.003,0.035
charge,0.058,0.313,0.05,0.002,-0.064,0.007,0.204,0.185,0.024,0.042,-0.002,0.011,-0.067,0.101,-0.075,-0.069,0.026,-0.024,0.051,0.038,0.167,0.083,0.063,0.161,-0.073
charm,-0.69,0.224,-0.102,0.06,0.025,0.103,-0.01,-0.044,-0.003,0.075,-0.013,-0.08,0.069,0.009,0.124,-0.054,0.044,0.074,0.008,-0.014,-0.107,-0.047,-0.024,0.014,-0.029
cheer,-0.756,0.182,-0.16,-0.076,0.099,-0.027,0.003,-0.162,0.009,-0.038,0.041,0.007,-0.007,-0.036,0.021,-0.036,-0.097,-0.09,0.083,-0.051,0.038,-0.011,0.005,0.011,0.011
cheerful,-0.714,0.096,-0.206,0.067,0.08,0.082,-0.075,-0.13,-0.028,-0.069,-0.055,0.009,-0.074,-0.017,0.028,-0.076,0.002,-0.039,0.002,0.037,-0.016,-0.074,-0.013,0.045,-0.012
cheerfulness,-0.746,0.155,-0.135,0.156,0.063,-0.111,0.055,-0.01,-0.196,-0.163,0.075,0.038,-0.019,0.005,-0.019,-0.049,0.035,0.076,0.035,0.015,0.003,-0.011,-0.038,0.005,-0.005
clownish,-0.287,0.148,-0.192,-0.261,-0.334,0.019,-0.174,-0.121,0.061,0.164,-0.046,-0.154,0.08,-0.045,0.028,-0.145,0.006,-0.008,-0.091,-0.126,0.093,0.077,-0.03,0.055,0.029
cockiness,0.155,0.23,-0.162,-0.22,0.123,-0.126,0.137,0.078,0.22,-0.057,0.139,0.114,-0.117,0.086,0.04,-0.234,-0.09,-0.019,0.004,-0.055,-0.024,0.138,-0.095,0.023,0.125
coldness,0.374,0.065,0.037,-0.343,0.053,-0.111,-0.126,0.11,-0.01,-0.244,0.028,0.122,0.076,-0.055,0,0.024,-0.066,0.208,0.079,0.001,-0.102,0.068,-0.038,-0.009,-0.011
comfortable,-0.644,-0.133,-0.155,0.253,-0.175,0.023,-0.082,0.077,-0.022,-0.037,-0.092,0.015,-0.029,0.056,-0.073,0.008,0.076,0.056,-0.087,0.017,-0.054,0.033,-0.049,0.014,-0.024
complacency,-0.23,-0.1,-0.192,-0.034,-0.19,-0.115,-0.095,0.017,-0.064,0.022,0.026,0.081,0.016,0.13,0.141,0.191,-0.082,0.01,0.005,0.034,0.084,0.17,-0.02,-0.012,0.064
completion,-0.537,-0.205,0.17,0.037,0.018,0.162,0.023,-0.075,0.061,0.132,-0.154,0.16,0.008,-0.106,-0.102,0.037,-0.041,-0.162,0.07,0.042,-0.102,0.135,-0.053,-0.118,-0.13
composed,-0.563,-0.213,-0.077,0.047,-0.044,0.001,0.049,0.105,0.015,0.063,-0.022,-0.057,0.043,0.112,0.078,0.041,-0.023,0.096,0.055,0.09,0.114,0.055,0.023,0.009,-0.01
compression,-0.01,0.067,-0.054,-0.067,0.11,0.003,0.126,0.012,-0.087,-0.067,-0.123,-0.05,-0.234,0.019,0.229,-0.224,-0.13,0.055,-0.125,0.077,-0.017,0.02,-0.003,0.116,0.031
concern,-0.103,-0.035,0.106,-0.006,-0.116,-0.234,0.23,0.091,0.022,0.02,-0.008,-0.076,-0.118,0.239,-0.119,-0.145,0.1,0.133,0.163,-0.113,-0.066,-0.05,0.087,0.018,0.086
concession,-0.139,-0.235,-0.037,-0.012,-0.11,0.035,-0.188,0.064,0.039,0.02,0.024,-0.056,0.073,-0.031,-0.005,0.167,-0.166,-0.032,0.036,0.231,0.06,0.003,-0.031,0.169,0.083
condescension,0.371,0.122,-0.017,-0.091,0.017,-0.031,0.18,-0.128,0.036,0.207,-0.039,-0.051,-0.027,0.052,-0.083,-0.042,-0.148,0.116,0.191,0.037,0.051,0.096,0.012,0.163,-0.015
confidence,-0.639,-0.136,0.104,0.084,-0.037,0.092,0.13,-0.087,-0.119,-0.205,0.009,0.02,-0.251,-0.066,0.018,-0.055,0.091,0.115,0.016,0.013,-0.082,0.101,-0.018,-0.024,0.009
confusion,0.052,0.095,0.172,0.045,-0.194,0.064,0.06,-0.142,-0.081,0.01,-0.001,-0.365,-0.018,0.013,-0.033,0.009,-0.143,-0.063,0.092,0.16,0.082,-0.022,-0.113,-0.073,0.131
contempt,0.483,0.123,-0.101,-0.193,-0.226,0.007,0.127,-0.14,-0.049,0.011,-0.068,-0.074,0.203,-0.021,-0.027,0.088,-0.066,-0.08,0.059,0.007,0.035,0,-0.134,-0.109,0.007
content,-0.616,-0.075,-0.127,-0.074,0.026,0.204,-0.029,0.043,0.098,-0.012,-0.073,-0.039,-0.145,0.013,0.033,0.011,0.209,0.053,0.037,0.03,0.072,0.084,-0.003,-0.027,0.07
coolness,-0.353,-0.322,-0.071,0.03,-0.309,0.09,-0.121,0.202,0.045,0.077,-0.153,0.177,-0.005,0.004,-0.067,-0.063,0.171,-0.051,-0.044,-0.05,-0.029,-0.074,0.026,-0.003,0.024
criticism,0.231,0.051,-0.057,-0.146,-0.247,0.087,0.145,0.029,0.182,-0.074,0.039,0.014,-0.164,-0.019,0.14,-0.039,0.037,-0.293,0.018,0.016,-0.102,-0.005,-0.036,-0.052,-0.003
cruelty,0.505,0.398,-0.064,-0.112,0.162,0.136,0.091,0.143,-0.021,-0.04,-0.052,-0.016,0.041,-0.102,-0.054,0.118,0.126,-0.036,-0.092,0.04,-0.005,0.125,0.006,0.056,-0.006
crush,0.283,0.315,0.02,0.092,0.043,-0.04,-0.173,0.098,0.013,0.282,0.047,-0.032,-0.107,-0.148,0.148,0.026,0.108,-0.148,-0.075,-0.077,0.067,-0.027,-0.083,0.102,-0.067
curiosity,-0.488,0.103,0.232,-0.062,-0.18,-0.125,0.173,0,0.196,-0.095,-0.138,-0.134,-0.021,0.005,-0.045,0.015,-0.008,0.013,0.022,0.04,-0.034,0.001,0.044,0.08,0.034
cuteness,-0.653,0.124,-0.056,0.139,0.298,-0.072,0.043,-0.017,-0.166,0.043,0.066,-0.035,0.157,0.097,-0.09,0.014,0.065,0.046,0.037,-0.034,-0.045,-0.016,-0.063,0.043,-0.006
cynicism,0.349,-0.087,-0.063,-0.082,0.05,0.068,0.221,-0.004,0.178,-0.069,0.041,0.133,0.122,-0.03,-0.001,0.124,-0.073,0.01,0.119,-0.192,-0.113,0.072,-0.109,-0.024,-0.079
danger,0.566,0.125,0.133,0.101,0.044,-0.009,-0.05,0.126,0.099,0.013,0.006,0.153,-0.182,0.031,-0.131,-0.054,-0.139,-0.065,0.123,-0.029,0.098,0.177,-0.051,-0.057,0.007
darkness,0.661,0.109,0.118,0.009,0.087,0.122,-0.249,0.106,-0.032,-0.155,-0.034,0.079,0.1,-0.097,0.009,-0.052,0.004,-0.212,-0.048,0.065,0.06,0.032,0.023,0.016,0.005
dazzle,-0.699,0.263,0.045,-0.076,0.02,-0.062,0.041,-0.061,0.073,-0.075,0.061,0.099,-0.014,-0.005,-0.001,0.069,-0.016,-0.065,-0.001,0.046,-0.041,-0.012,0.051,-0.041,-0.047
deadpan,-0.037,-0.398,-0.108,-0.028,-0.034,-0.03,-0.185,0.113,0.054,0.045,-0.195,0.122,-0.083,0.071,-0.077,0.068,-0.049,0.008,-0.062,0.153,0.017,-0.081,-0.08,0.117,-0.066
deception,0.318,0.114,0.097,0.025,0.054,-0.107,0.073,-0.063,0.006,-0.02,0.051,0.153,0.067,0.02,-0.115,0.025,0.265,0.025,0.196,0.016,-0.003,-0.008,0.01,0.003,-0.156
defeat,0.419,-0.149,0.13,0.122,0.175,0.07,-0.08,-0.085,0.074,0.019,0.03,-0.04,-0.196,0.079,0.051,-0.057,-0.053,0.038,-0.113,-0.081,-0.034,-0.132,-0.017,0.107,-0.106
defiance,0.336,0.098,0.161,0.007,-0.135,-0.159,0.118,0.051,0.092,0.119,-0.056,0.216,0.046,-0.159,0.126,-0.068,0.136,0.094,-0.139,0.222,0.049,-0.109,0.138,-0.039,0.106
deflation,0.403,-0.318,0.06,0.067,0.179,-0.062,0.086,-0.12,0.167,-0.072,0.098,0.149,-0.156,-0.003,0.033,0.067,0.081,-0.053,0.061,-0.082,-0.068,0.031,0.021,0.021,0
dejection,0.492,-0.201,0.002,0.105,0.127,-0.009,-0.122,-0.081,-0.275,-0.02,-0.037,-0.14,-0.036,0.087,-0.003,-0.082,-0.028,-0.069,-0.12,0.001,-0.101,-0.008,-0.035,0.019,0.057
delicacy,-0.396,-0.019,0.058,-0.002,0.031,-0.036,-0.196,0.097,-0.035,-0.118,-0.012,-0.182,0.121,0.368,0.008,0.087,0.171,0.138,-0.104,0.062,0.024,0.026,-0.019,-0.01,-0.063
delight,-0.793,0.088,-0.101,0.01,-0.062,0.056,-0.027,0.045,0.037,0.026,-0.004,0.035,-0.154,0.084,-0.025,-0.087,-0.031,-0.044,0.13,0.22,0.149,0.009,-0.053,-0.073,-0.042
depression,0.495,-0.389,-0.054,0.001,-0.054,0.102,-0.085,-0.163,0.157,-0.103,0.04,0.036,0.09,0.037,-0.101,-0.088,0.147,0.041,-0.103,-0.009,-0.118,0.016,0.025,0.04,-0.002
derision,0.353,0.2,-0.103,-0.105,0.099,0.169,-0.072,0.011,0.115,-0.086,-0.149,-0.073,-0.136,0.075,-0.18,0.045,-0.151,0.004,0.026,0.057,0.062,0.124,-0.011,0.077,-0.045
desolate,0.521,-0.253,0.044,-0.046,0.06,-0.073,-0.08,-0.154,-0.05,-0.04,0.15,0.136,-0.007,0.042,-0.002,0.003,0.062,0.053,-0.024,0.071,-0.065,0.054,0.005,-0.1,0.024
despair,0.575,-0.285,-0.039,-0.02,-0.082,0.123,0.091,0.059,0.089,-0.022,0.101,-0.084,0.036,-0.067,0.111,-0.017,0.004,-0.068,0.059,-0.144,-0.058,-0.11,-0.063,0.033,0.098
despondent,0.553,-0.316,0.097,-0.113,-0.064,0.005,-0.006,-0.067,-0.064,0.169,0.204,0.052,0.059,0.071,-0.059,0.04,-0.094,-0.068,0.018,0.003,0.102,-0.098,0.032,-0.083,-0.036
detachment,0.193,-0.303,-0.076,0.242,-0.175,0.011,0.053,-0.046,0.117,0.058,-0.096,0.159,-0.113,-0.046,0.017,0.072,-0.032,0.05,0.068,0.052,-0.016,0.045,0.069,0.043,-0.121
deterioration,0.373,-0.172,0.008,-0.127,0.272,-0.051,0.004,0.103,-0.14,0.023,-0.018,-0.079,-0.141,-0.065,-0.162,0.055,0.034,0.105,0.05,-0.161,-0.002,0.004,-0.178,0.078,0.007
determination,-0.469,-0.075,-0.036,-0.037,-0.014,0.178,0.333,0.022,-0.115,-0.04,-0.052,0.159,-0.035,0.037,0.027,0.047,-0.032,-0.117,-0.122,-0.021,-0.046,0.064,0.015,-0.072,-0.001
devastation,0.541,-0.025,0.139,0.03,-0.023,-0.023,-0.108,-0.123,0.115,0.125,0.122,0.151,0.131,-0.09,0.168,-0.052,0.182,-0.049,-0.024,0.015,0.046,-0.127,-0.101,0.12,-0.021
disappointment,0.459,-0.286,0.018,0.005,0.097,0.031,0.11,0.008,-0.016,-0.076,0,0.018,-0.02,0.212,0.102,0.014,-0.046,0.085,0.034,-0.006,0.077,0.041,0.01,-0.001,0.026
disapproval,0.443,-0.062,0.044,0.015,0.141,-0.224,-0.071,-0.078,0.234,0.017,-0.078,-0.104,0.027,-0.09,-0.101,0.073,0.029,-0.05,0.001,0.034,0.106,-0.026,0.145,0.048,-0.072
disbelief,0.227,0.041,0.186,-0.104,-0.136,-0.061,-0.101,-0.079,-0.343,-0.03,-0.048,0.109,-0.161,-0.089,0.107,-0.138,-0.074,-0.249,-0.081,0.064,-0.029,-0.093,0.039,-0.023,-0.063
discomfort,0.45,-0.042,-0.016,0.226,0.192,-0.117,0.115,-0.009,-0.041,-0.062,-0.17,-0.073,-0.043,-0.109,0.085,-0.088,0.029,-0.092,0.06,-0.105,-0.047,0.127,0.06,-0.054,0.017
discontent,0.409,-0.216,0.058,-0.081,0.119,0.046,0.035,0.008,-0.024,-0.074,-0.139,0.139,0.08,0.113,0.024,-0.056,-0.034,0.041,0.021,0.005,0.037,-0.114,-0.033,-0.065,0.06
discouragement,0.371,-0.169,-0.103,0.122,0.093,-0.112,-0.028,0.083,-0.114,-0.111,-0.109,-0.041,0.122,-0.101,-0.002,-0.025,-0.107,-0.286,0.158,-0.113,0.037,-0.072,-0.046,-0.067,-0.076
disdain,0.429,0.033,0.004,-0.029,0.037,-0.017,0.12,0.187,-0.205,0.086,0.053,0.032,0.145,-0.125,0.01,0.101,-0.078,0.011,0.021,-0.045,-0.024,-0.173,0.046,-0.047,-0.031
disgruntled,0.413,0.057,-0.165,0.142,0.072,0.006,0.034,-0.008,-0.037,0.011,-0.328,-0.076,-0.021,-0.041,0.066,0.101,-0.087,0.028,0.103,0.013,0.033,0.09,0.029,0.014,0.023
disgust,0.586,0.146,-0.082,-0.029,0.029,0.031,-0.239,0.04,-0.007,0.221,-0.214,-0.002,0.138,0.041,0.026,-0.049,0.022,0.119,0.082,-0.062,-0.001,0.032,0.031,-0.07,-0.165
disheartened,0.421,-0.329,-0.049,0.021,0.008,0.138,0.064,-0.258,-0.135,-0.011,-0.102,-0.001,-0.098,-0.075,-0.093,-0.051,-0.045,0.045,-0.057,-0.071,-0.047,0.091,-0.044,-0.035,0.05
disinterest,0.122,-0.336,-0.168,0.058,-0.083,-0.158,-0.019,0.184,-0.093,0.015,-0.155,-0.102,-0.09,0.107,0.085,-0.109,0.222,-0.105,0.124,0.035,-0.133,-0.084,-0.013,-0.085,-0.086
dislike,0.421,0.06,0.044,-0.21,0.042,0.158,0.111,0.078,-0.106,0.063,-0.257,-0.081,-0.016,-0.116,-0.046,0.066,0.149,0.061,-0.123,-0.018,-0.005,-0.1,0.081,0.055,-0.067
dismay,0.419,-0.193,0.053,0.042,-0.059,-0.055,-0.108,0.074,-0.065,0.028,-0.055,-0.06,0.008,0.064,0.085,0.189,0.012,0.087,-0.01,0.098,-0.158,-0.019,0.145,-0.101,-0.039
dismissive,0.346,-0.079,-0.129,-0.181,0.008,-0.335,0.021,-0.016,-0.05,-0.035,0.016,0.038,-0.114,-0.14,0.03,-0.109,-0.016,0.038,-0.002,-0.115,0.074,-0.053,-0.112,-0.033,-0.068
displeasure,0.495,-0.146,0.037,0.086,-0.039,-0.085,0.127,-0.035,0.051,-0.127,-0.067,-0.193,-0.018,0.106,-0.065,-0.12,0.07,-0.013,-0.017,-0.113,-0.034,0.057,0.081,0.016,-0.007
disregard,0.312,-0.059,-0.119,-0.106,-0.062,-0.048,0.051,0.084,-0.252,0.031,0.064,0.134,0.059,0.05,0.265,-0.155,-0.084,-0.006,0.131,-0.02,-0.012,-0.003,-0.09,0.169,-0.004
dissatisfaction,0.449,-0.043,-0.086,-0.025,-0.206,0.082,0.047,-0.002,-0.147,-0.012,-0.059,-0.016,-0.15,-0.08,0.016,0.066,-0.049,0.075,0.182,-0.059,-0.012,0.136,0.113,-0.098,0.049
distaste,0.421,-0.14,-0.024,-0.063,0.056,-0.052,0.3,0.041,-0.001,-0.087,-0.049,-0.18,0.108,-0.107,-0.016,-0.085,-0.066,-0.023,-0.001,0.027,-0.043,0.075,0.032,0.026,0.133
distress,0.451,-0.002,0.071,0.195,-0.1,-0.093,-0.053,-0.043,0.037,0.005,-0.098,-0.045,0.148,0.023,0.103,0.029,-0.074,0.094,-0.034,0.057,-0.011,0.032,-0.228,0.017,-0.091
distrust,0.398,-0.077,0.083,0.063,-0.014,-0.175,0.042,0.083,-0.172,0.211,0.014,-0.003,-0.006,0.03,-0.002,0.063,-0.038,-0.242,0.052,0.175,-0.01,0.089,0.084,-0.131,-0.052
disturbance,0.355,0.033,0.132,-0.019,-0.176,0.064,-0.103,-0.224,0.037,-0.001,-0.152,0.14,-0.011,0.071,0.056,0.038,0.014,-0.012,-0.066,-0.082,0.006,-0.106,0.12,-0.06,-0.035
dizziness,0.137,0.084,0.162,-0.032,-0.09,-0.247,-0.01,-0.005,0.279,0.026,0.116,-0.05,0,-0.061,-0.114,0.151,-0.003,0.155,0.107,-0.116,0.14,0.05,0.022,-0.109,-0.092
doubt,0.224,-0.191,-0.137,0.099,0.065,0.082,-0.056,0.035,0.216,-0.046,0.063,-0.289,-0.147,-0.197,-0.135,0.008,0.026,-0.015,0.153,0.013,0.094,0.038,0.004,-0.071,-0.07
dread,0.429,0.115,0.191,-0.074,-0.284,0.245,-0.094,-0.125,-0.079,-0.003,0.12,-0.198,-0.003,-0.046,-0.017,-0.106,0.051,-0.063,0.099,-0.015,-0.024,-0.128,0.041,-0.016,0.035
dreary,0.429,-0.195,0.168,-0.091,0.038,0.19,-0.248,-0.06,0.021,-0.071,-0.055,0.148,0.018,0.09,-0.021,-0.029,-0.087,0.047,-0.001,-0.079,-0.092,0.14,0.069,-0.019,-0.006
dubious,0.123,-0.049,0.158,-0.062,-0.069,0.046,0.126,0.138,-0.011,-0.071,0.149,0.055,-0.098,-0.106,0.238,0.034,0.069,-0.201,-0.087,0.168,-0.095,-0.092,0.066,-0.083,-0.056
dullness,0.167,-0.269,-0.214,-0.19,-0.321,0.148,-0.122,0.103,-0.053,-0.021,-0.072,0.145,0.022,-0.057,0.048,-0.005,0.184,0.053,0.021,-0.025,-0.075,-0.016,0.042,0.032,-0.042
eagerness,-0.553,0.158,-0.013,-0.009,-0.036,-0.151,0.054,-0.193,-0.083,-0.028,0.012,0.159,0.13,-0.014,0.094,0.061,0.074,-0.022,-0.002,-0.075,-0.054,0.018,0.027,0.106,-0.104
easygoing,-0.682,-0.194,-0.123,0.094,-0.005,-0.095,-0.088,0.136,-0.04,-0.058,-0.055,-0.092,0.017,0.021,-0.033,0.026,0.03,0.058,0.033,0.013,0.072,0.034,-0.069,0.016,-0.008
ecstasy,-0.785,0.136,-0.048,0.04,0.019,0.086,-0.036,-0.038,0.019,-0.034,0.012,0.015,0.027,0.038,-0.087,0.011,0.037,-0.01,-0.087,0.045,-0.028,0.076,-0.171,-0.074,0.422
elated,-0.72,0.166,-0.18,0.002,0.126,0.038,-0.123,-0.04,0.022,-0.036,-0.022,0.08,-0.05,0.037,0.001,-0.043,0.003,-0.147,-0.008,0.006,0.001,-0.068,-0.038,-0.005,0.033
embarrassment,0.176,-0.187,-0.135,-0.113,-0.125,-0.062,0.058,0.277,-0.161,-0.132,0.052,-0.062,-0.141,-0.184,0.065,-0.102,-0.095,0.068,-0.185,-0.051,-0.017,0.003,0.122,0.155,-0.048
embittered,0.54,-0.024,-0.152,0.146,-0.035,0.167,0,0.018,0.009,-0.029,-0.092,0.084,-0.008,0.066,-0.191,-0.008,-0.071,0.071,-0.013,0.025,-0.078,0.068,0.113,-0.02,-0.059
empathy,-0.686,-0.098,-0.171,0.232,0.028,-0.083,0.054,-0.149,0.037,0.167,0,-0.001,0.174,0.073,-0.007,-0.047,-0.067,-0.076,0.011,-0.058,0.008,-0.024,0.047,0.005,-0.011
emptiness,0.408,-0.359,0.089,0,-0.039,-0.093,-0.173,-0.156,-0.02,0.024,0.091,0.041,0.056,0.163,-0.088,0.036,0.072,-0.088,-0.071,0.032,0.01,-0.011,0.016,0.014,-0.107
enamored,-0.72,0.223,0.055,0.077,0.012,-0.107,-0.026,0.049,0.113,-0.015,0.118,0.044,0.019,0.015,-0.047,0.005,-0.168,0.019,0.057,-0.043,-0.096,0.042,0.029,-0.002,0.003
enchantment,-0.68,0.215,0.192,-0.037,0.118,0.031,-0.013,-0.037,0.191,0.12,0.072,-0.086,0.084,0.143,0.035,-0.103,-0.03,-0.01,0.066,0.051,-0.067,0.003,-0.001,-0.016,-0.012
encouragement,-0.712,-0.035,0.078,0.14,-0.147,-0.011,0.191,-0.19,-0.117,0.016,0.023,0.141,0.03,-0.032,0.011,-0.085,-0.06,0.006,0.007,-0.066,0.057,0.065,0.078,0.002,0.027
enjoyment,-0.727,0.191,-0.204,0.121,0.013,-0.031,0.015,0.086,0.026,-0.087,0.059,0.032,0.073,0.038,-0.02,-0.075,-0.026,-0.081,0.114,-0.027,0,-0.029,-0.012,0.014,-0.052
enmity,0.331,0.187,-0.036,-0.052,0.09,0.13,-0.086,0.038,0.17,-0.114,-0.126,-0.015,-0.077,-0.069,-0.042,-0.153,-0.206,-0.157,0.029,-0.031,-0.054,-0.131,0.004,-0.167,0.017
enraged,0.528,0.361,-0.276,0.115,-0.052,0.032,-0.04,0.11,0.072,-0.02,-0.042,0.032,0.116,0.025,-0.038,0.163,0.087,-0.114,0.026,0.004,-0.009,0.036,-0.045,-0.002,0.021
entertainment,-0.656,0.174,-0.12,0.041,0.003,0.048,-0.016,-0.121,-0.016,0.245,-0.002,0.101,0.065,-0.025,-0.03,-0.05,-0.131,0.105,0.028,-0.041,0.009,-0.083,0.105,0,0.032
enthusiasm,-0.706,0.265,-0.052,-0.021,0.071,-0.112,-0.05,0.003,-0.136,-0.034,-0.073,0.148,-0.005,0.04,-0.057,0.07,-0.002,0.078,0.043,0.025,0.018,0.068,0.01,-0.038,0.008
envy,0.317,0.104,-0.014,-0.006,-0.022,-0.101,-0.116,0.131,-0.003,-0.016,0.082,-0.093,0.071,-0.159,-0.045,-0.277,0.095,-0.187,0.074,-0.143,-0.131,0.139,0.087,-0.004,-0.101
evaluation,-0.282,-0.083,0.267,0.055,-0.221,-0.146,0.023,0.145,0.096,0.057,-0.019,0.191,0.054,-0.105,-0.17,0.093,-0.164,0.167,-0.05,0.099,0.152,-0.047,-0.004,0.016,-0.058
exacerbated,0.266,0.033,-0.318,-0.048,0.081,-0.07,-0.039,0.189,0.208,-0.059,-0.053,0.042,0.028,0.042,-0.009,-0.071,0.116,0.081,0.019,0.087,-0.133,0.151,0.001,-0.078,-0.066
excitement,-0.691,0.255,-0.056,-0.046,-0.071,-0.099,0.021,0.105,0.059,-0.03,-0.058,0.068,0.219,0.128,-0.088,0.145,0.108,-0.143,0.071,0.004,0.009,0.039,0.017,0.084,-0.006
exhilaration,-0.735,0.129,-0.019,-0.129,-0.025,-0.003,-0.016,0.022,-0.149,0.065,-0.039,0.082,-0.039,-0.31,-0.039,0.126,0.026,-0.053,0.081,-0.007,0.032,0.03,-0.025,-0.027,0.033
expectation,-0.428,-0.009,-0.113,-0.205,-0.087,-0.15,0.249,-0.063,-0.014,0.012,0.03,0.068,-0.024,0.075,0.096,0.17,-0.116,-0.075,-0.022,-0.017,-0.011,0.009,-0.294,0.095,-0.018
eyeopener,-0.415,0.217,0.224,-0.127,-0.051,0.182,0.068,-0.034,0.142,0.04,0.026,-0.093,-0.151,-0.148,-0.005,0.093,0.122,-0.075,-0.136,-0.092,0.08,0.113,-0.062,0.012,0.016
failure,0.536,-0.124,-0.025,0.07,0.053,0.043,-0.108,-0.142,-0.011,-0.111,-0.109,-0.051,0.032,-0.045,0.109,-0.031,0.126,0.117,-0.065,0.05,0.087,-0.059,-0.05,0.135,0.112
fairness,-0.593,-0.133,-0.179,0.104,-0.022,0.007,0.016,0.126,-0.019,-0.074,0.059,-0.07,0.045,-0.117,-0.095,0.04,-0.06,0.014,0.137,0.049,-0.098,-0.027,-0.027,0.054,0.009
fear,0.459,0.144,0.099,0.287,-0.077,-0.022,0.007,-0.133,0.002,-0.002,0.138,-0.026,0.051,0.082,0.044,-0.056,-0.004,0.003,-0.02,-0.045,0.076,0.101,-0.116,0.011,-0.016
flabbergasted,-0.098,0.183,0.28,-0.049,-0.138,0.061,-0.124,0.223,0.02,-0.157,0.142,-0.145,-0.044,-0.091,0.087,-0.141,0.021,0.049,0.089,0.059,-0.13,0.083,0.177,0.057,0
fluster,0.215,0.152,0.06,0.063,-0.036,-0.275,0.141,0.004,0.043,-0.235,-0.016,-0.206,-0.131,-0.048,0.047,-0.01,-0.011,0.056,0.049,-0.009,0.223,0.009,0.055,-0.036,0.077
focus,-0.477,-0.158,0.221,-0.137,0.024,-0.079,0.113,0.116,-0.084,0.078,-0.093,0.068,-0.109,-0.025,-0.128,0.139,0.003,-0.13,-0.063,0.088,-0.048,-0.119,0.03,0.024,0.032
fool,0.055,0.106,-0.32,-0.186,-0.17,0.053,-0.095,-0.163,-0.147,-0.101,0.209,-0.122,0.178,-0.15,-0.121,-0.075,-0.117,0.075,-0.076,0.012,0.071,0.138,-0.089,-0.014,0.029
forgiveness,-0.516,-0.046,0.016,0.402,0.043,-0.13,-0.021,-0.047,-0.083,-0.006,0.09,-0.056,0.047,-0.242,-0.056,-0.046,0.076,0.042,0.103,0.086,0.114,0.024,-0.101,0.015,-0.068
forlorn,0.348,-0.271,-0.006,-0.057,-0.103,0.246,-0.034,-0.073,0.021,0.001,0.081,0.025,0.004,-0.036,-0.242,-0.017,-0.165,0.02,0.103,-0.117,0.045,0.006,0.004,-0.023,0.061
frazzle,0.186,-0.082,0.225,-0.08,-0.034,-0.018,-0.138,-0.006,0.171,-0.119,0.109,0.083,-0.018,0.159,-0.007,0.181,-0.205,0.025,-0.069,-0.111,0.074,-0.236,-0.215,0.014,-0.153
fright,0.396,0.187,0.195,0.36,-0.118,0.088,-0.011,0.017,-0.134,-0.113,0.105,0.101,0.039,0.17,0.055,-0.08,-0.077,0.141,0.055,-0.07,-0.069,0.1,0.02,0.009,0.1
frustration,0.443,0.061,0.02,-0.001,0.078,0.03,0.044,0.024,0.053,0.155,-0.058,0.11,0.021,0.02,0.18,-0.039,-0.133,0.028,0.095,0.166,-0.043,0.096,0.025,-0.134,0.087
funky,-0.28,0.025,-0.325,0.018,-0.134,-0.125,-0.252,-0.06,-0.204,-0.107,0.004,0.038,0.061,-0.151,0.142,0.098,0.071,0.015,0.125,0.156,-0.109,-0.032,0.21,0.019,-0.083
furious,0.498,0.355,-0.311,0.144,-0.153,-0.029,0.06,-0.063,0.042,-0.045,-0.116,-0.028,0.215,-0.031,-0.006,0.097,0.054,-0.078,-0.007,0.035,-0.001,-0.03,0.025,-0.043,0.041
fury,0.533,0.387,-0.135,0.093,-0.075,0.128,0.061,-0.101,-0.019,-0.021,-0.055,-0.078,-0.003,0.015,0.023,-0.217,0.081,-0.022,-0.002,-0.056,0.14,-0.032,-0.093,-0.053,-0.053
gladness,-0.751,0.054,-0.146,-0.131,0.067,0.019,0.005,0.097,0.216,-0.158,-0.002,0.229,-0.09,-0.026,-0.022,-0.044,-0.077,0.105,-0.015,-0.039,-0.046,-0.039,-0.021,0.013,0.011
glee,-0.78,0.115,-0.019,-0.05,-0.062,0.064,-0.216,-0.058,-0.054,-0.061,0.198,0.054,-0.075,0.022,-0.105,0.017,0.087,-0.094,-0.039,-0.038,0.013,-0.115,-0.008,0.07,-0.035
gloom,0.477,-0.251,-0.096,0.042,0.015,0.103,-0.113,0.111,0.064,-0.015,-0.008,0.097,-0.045,0.096,0.038,-0.009,0.059,0.018,-0.008,0.033,0.04,-0.042,0.028,-0.03,0.141
glum,0.462,-0.308,-0.112,0.017,-0.02,0.018,-0.103,0.084,0.083,-0.002,0.06,0.006,-0.102,-0.122,-0.15,0.113,0.072,-0.034,0.076,-0.089,-0.091,-0.05,-0.012,-0.081,0.061
good,-0.748,0.015,-0.072,0.113,0.222,0.14,-0.009,0.064,0.15,-0.004,0.006,-0.112,0.066,-0.067,-0.032,0.027,0.017,-0.017,0.068,0.016,0.007,-0.054,-0.056,0.009,-0.031
goodwill,-0.725,0.032,-0.148,0.195,0.106,-0.037,0.174,-0.024,-0.011,-0.011,0.159,-0.016,0.011,-0.093,-0.096,0.008,0.048,0.101,-0.003,0.021,0.038,0.094,-0.002,0.005,-0.064
goofiness,-0.502,0.258,-0.234,-0.156,-0.031,-0.084,-0.196,-0.03,-0.075,0.024,0.08,-0.073,0.151,-0.01,0.112,-0.054,0.032,-0.031,-0.01,0.046,0.046,0.068,0.021,-0.022,-0.015
gratefulness,-0.673,0.046,-0.049,0.089,0.062,0.127,-0.053,-0.091,0.137,-0.08,0.155,0.091,0.035,-0.034,0.037,0.015,0.032,0.082,-0.056,-0.085,0.091,0.001,0.059,-0.006,0.04
greediness,0.33,0.275,-0.258,0.114,0.119,-0.195,0.288,-0.024,0.051,0.09,-0.149,0.052,0.04,-0.014,-0.103,-0.055,0.008,-0.025,0.047,-0.036,0.033,0.047,0.102,-0.096,0.051
grim,0.549,-0.166,0.124,0.078,0.039,0.067,0.042,0.143,0.015,-0.05,-0.001,0.112,0.027,-0.05,0.045,-0.115,0.084,-0.056,0.019,-0.077,0.001,0.017,-0.102,0.039,-0.007
grouch,0.42,0.022,-0.03,-0.079,0.093,0.122,-0.048,0.094,0.096,0.07,-0.083,0.18,0.093,-0.066,-0.141,0.112,0.098,-0.025,0.041,-0.034,0.085,0.014,0.114,0.034,0.027
grumpiness,0.497,-0.028,-0.056,-0.167,-0.014,0.033,0.072,0.178,0.033,0.021,0.038,-0.004,-0.021,0.098,0.102,0.211,-0.146,0.043,-0.033,0.024,0.084,0.025,0.063,0.079,-0.124
happiness,-0.738,0.074,-0.071,0.043,0.082,0.091,0.058,-0.003,0.098,-0.216,-0.12,-0.136,-0.059,-0.088,0.066,-0.071,0.045,-0.218,-0.042,-0.04,-0.001,-0.069,-0.082,0.034,-0.031
harassment,0.47,0.227,0.037,-0.091,0.03,0.045,0.038,0.098,0.048,0.213,-0.014,0.1,-0.139,-0.021,-0.1,-0.039,0,-0.009,-0.092,0.153,0.007,-0.001,0.004,-0.05,-0.156
harm,0.516,0.184,-0.01,0.083,0.006,-0.07,0.004,0.081,0.098,0.076,0.098,0.004,0.036,-0.067,0.163,0.006,0.121,-0.128,0.125,-0.058,-0.037,-0.09,0.008,0.067,0.055
harshness,0.453,0.15,-0.086,0.061,0.023,0.041,0.165,0.13,0.037,0.097,-0.118,-0.216,0.047,-0.002,-0.009,0.119,-0.035,-0.017,0.027,0.039,-0.013,0.136,0.021,0,-0.131
hate,0.554,0.242,0.116,-0.044,-0.079,-0.057,0.102,-0.009,0.004,0.059,0.121,0.018,0.304,-0.038,0.02,-0.016,0.043,0.019,-0.151,-0.044,-0.094,-0.03,0.017,0.006,0.011
haughty,0.258,0.204,-0.179,-0.175,0.083,-0.056,0.165,-0.04,0.253,0.026,0.075,0.132,-0.012,-0.028,0.102,0.131,-0.04,-0.035,0.143,0.013,-0.052,0.122,0.14,-0.14,-0.069
heartbreak,0.488,-0.307,0.04,0.059,0.075,-0.166,-0.128,-0.059,-0.05,-0.087,-0.055,0.042,0.015,-0.05,-0.081,-0.056,-0.131,0.003,-0.133,0.006,0.027,0.056,0.04,0.142,0.015
heat,-0.078,0.127,0.063,0.074,0.007,0.242,0.246,0.16,-0.124,0.189,0.051,-0.114,0.047,0.137,0.067,0.157,0.075,0.108,-0.164,0.005,-0.089,0.041,0.12,-0.044,0.068
helplessness,0.344,-0.34,0.089,-0.1,-0.072,-0.12,0.134,0.086,0.081,-0.141,-0.157,0.037,0.182,0.091,-0.106,0.056,0.092,0.009,0.05,0.024,-0.047,-0.029,-0.074,-0.125,-0.018
hesitation,0.075,-0.232,0.179,-0.008,0.051,-0.059,-0.18,0.064,0.105,-0.031,0.127,-0.295,0.063,-0.028,0.085,-0.104,-0.004,0.057,0.083,0.125,0.055,0.004,0.029,0.014,-0.04
honesty,-0.544,-0.238,-0.148,0.115,0.018,0.078,0.222,0.033,-0.026,-0.014,-0.036,-0.034,0.079,-0.16,0.046,0.063,0.095,0.044,-0.089,0.031,-0.056,0.014,-0.011,0.099,0.078
hope,-0.735,-0.068,-0.062,0.08,0.216,-0.044,0.048,-0.136,0,0.01,-0.052,0.088,-0.092,0.115,0.085,0.025,0.019,0.009,0.093,0.054,-0.045,0.022,0.047,-0.071,-0.018
hopelessness,0.426,-0.292,-0.034,-0.015,0.054,0.046,0.142,-0.187,0.002,-0.009,0.092,0.11,0.033,0.047,-0.143,-0.085,0.126,0.004,-0.014,-0.045,-0.001,-0.086,-0.008,0.043,0.107
horror,0.625,0.222,0.267,0.055,0.021,0.033,-0.123,0.064,0.069,-0.056,-0.001,0.076,-0.016,-0.092,-0.031,0.098,0.006,0.078,-0.007,-0.051,-0.02,0.004,0.024,0.08,0.005
hostile,0.51,0.231,0.068,-0.072,0.082,0.07,0.077,0.143,0.141,0.016,0.02,0.037,-0.021,-0.009,0.031,-0.003,-0.007,-0.067,0.157,0.192,0.146,-0.055,-0.118,0.054,0.017
huff,0.302,0.124,-0.22,-0.124,-0.038,0.033,-0.099,-0.019,-0.106,-0.003,0.079,-0.121,0.188,0.05,-0.185,-0.079,0.053,-0.058,0.116,-0.009,-0.041,-0.113,-0.071,-0.151,0.013
humor,-0.687,0.143,-0.094,-0.142,0.102,-0.064,-0.034,-0.066,-0.101,-0.093,0.147,-0.048,0.084,0.01,0.018,-0.121,0.054,-0.038,0.131,0.041,0.038,0.07,-0.02,0.018,-0.058
hysteria,0.319,0.241,-0.171,0.028,-0.068,-0.076,0.122,-0.241,-0.036,0.103,0.222,0.176,-0.115,0.021,0.09,0.067,0.094,0.238,0.008,0.135,-0.057,-0.103,0.068,0.104,-0.001
imagination,-0.566,-0.068,0.139,-0.14,0.081,-0.235,0.151,-0.078,0.042,0.1,-0.099,0.043,0.207,0.012,0.169,-0.042,-0.002,0.081,0.066,0.077,0.087,-0.045,-0.064,-0.019,-0.044
impression,-0.382,-0.174,0.152,0.069,0.099,-0.173,0.038,0.132,0.151,-0.16,0.003,0.001,0.121,0.076,0.143,-0.076,-0.119,-0.051,-0.125,-0.15,-0.04,-0.018,0.005,0.075,0.037
improvement,-0.529,-0.033,0.132,-0.056,0.119,0.224,0.017,0.18,-0.09,0.074,0.086,0.051,-0.026,-0.13,-0.049,-0.014,-0.092,0.01,-0.026,0.118,-0.003,-0.104,-0.026,-0.021,0.003
incredulity,-0.015,0.192,0.1,-0.016,-0.166,0.25,-0.062,-0.04,0.18,-0.046,-0.12,0.15,-0.038,-0.064,0.114,0.071,0.078,0.105,0.178,-0.04,-0.07,-0.016,-0.076,0.146,0.017
indifference,-0.004,-0.375,-0.108,-0.166,-0.025,0.007,0.049,0.098,0.026,0.175,0.123,-0.087,-0.058,0.226,-0.008,-0.034,0.019,-0.012,0.053,0.021,-0.017,-0.059,-0.154,0.134,0.035
indignation,0.45,0.22,-0.143,-0.056,0.001,0.081,0.034,-0.003,-0.083,-0.239,-0.099,-0.032,0.109,0.124,-0.103,-0.084,0.045,-0.009,0.033,0.156,0.02,-0.023,-0.015,-0.113,0.075
insecure,0.284,-0.235,0.279,-0.06,-0.022,-0.19,0.078,0.06,-0.067,-0.117,-0.042,-0.04,0.186,-0.016,0.177,-0.046,0,-0.053,-0.163,-0.062,-0.087,0.015,0.057,0.061,0.028
insolence,0.358,0.21,-0.184,0.124,-0.116,-0.065,0.008,-0.057,-0.035,-0.171,0.002,0.023,-0.078,0.011,-0.252,-0.069,-0.142,-0.072,-0.099,0.084,-0.023,0.084,-0.047,0.011,-0.118
interest,-0.522,0.057,-0.025,-0.019,-0.115,-0.037,-0.029,-0.031,0.172,-0.004,-0.097,-0.023,-0.048,-0.053,0.108,0.038,-0.088,-0.135,0.047,-0.053,0.002,0.021,-0.089,0.013,0.035
intimidation,0.424,0.148,-0.071,0.052,-0.209,0.009,0.101,0.094,0.001,0.194,-0.137,-0.052,0.059,-0.057,0.039,-0.012,-0.021,0.015,-0.067,-0.134,0.061,0.029,-0.028,0.026,0.011
irate,0.591,0.3,-0.202,0.113,0.002,0.014,0.058,-0.015,-0.129,-0.013,0.051,0.074,0.004,-0.035,-0.029,0.133,0.009,-0.005,0.039,-0.019,0.024,-0.097,-0.089,-0.048,-0.074
irked,0.405,0.121,-0.101,-0.004,-0.084,0.039,-0.068,-0.152,-0.083,0.03,-0.243,-0.158,-0.176,0.121,0.049,0.071,0.052,0.036,0.09,-0.114,-0.005,-0.051,0.041,-0.08,0.001
irritable,0.416,0.005,-0.162,-0.081,0.145,0.104,-0.044,0.102,-0.195,0.189,-0.036,0.006,-0.03,-0.044,0.157,0.099,-0.049,-0.002,-0.037,0.027,0.021,0.152,-0.031,0.085,0.078
irritation,0.457,0.062,-0.097,-0.033,0.003,-0.01,-0.13,-0.134,0.122,0.028,-0.067,-0.158,-0.066,0.031,-0.021,-0.165,-0.064,0.244,-0.162,-0.052,-0.047,-0.088,-0.016,0.028,0.047
jittery,0.13,0.14,0.013,-0.201,0.234,-0.166,-0.218,-0.205,0.1,-0.017,-0.052,-0.104,-0.065,-0.013,0.001,0.082,0.008,0.061,0.07,-0.097,-0.016,0.026,-0.179,-0.143,-0.163
jolt,-0.007,0.434,0.024,0.147,-0.164,-0.067,-0.173,-0.123,0.089,0.029,0.118,0.026,-0.094,0.174,0.043,-0.094,0.083,0.018,-0.028,0.046,-0.071,-0.075,-0.096,-0.097,0.028
joviality,-0.732,0.031,-0.184,-0.118,0.172,-0.13,-0.046,-0.207,0.115,0.1,0.053,-0.076,-0.006,0.022,-0.013,0.027,0.019,-0.045,0.065,-0.024,0.06,-0.038,0.005,-0.025,0.035
joy,-0.786,0.156,-0.114,-0.027,0.074,0.03,-0.129,0.028,-0.017,-0.081,0.001,0.035,-0.044,0.016,0.094,-0.123,0.104,-0.09,0.035,0.01,-0.088,0.042,0.262,-0.097,0.082
joyfulness,-0.74,0.143,-0.055,0.103,0.051,-0.042,-0.264,-0.061,-0.038,0.013,-0.155,0.077,0.037,0.007,-0.035,-0.047,-0.16,-0.041,0.004,-0.06,0.01,-0.02,-0.041,-0.039,-0.017
jubilation,-0.777,0.135,-0.056,0.007,0.09,-0.018,-0.074,-0.009,-0.005,-0.047,-0.069,-0.048,-0.047,-0.051,-0.035,0.015,-0.124,0.03,-0.001,0.085,0.17,0.041,0.174,0.313,0.122
jumpy,0.134,0.157,0.115,0.087,0.157,0.027,-0.026,-0.26,-0.038,0.203,0.116,-0.007,-0.136,0.234,0.107,0.015,0.073,-0.024,-0.111,0.045,-0.102,0.066,-0.009,0.105,-0.133
knowing,-0.574,-0.325,-0.004,-0.104,-0.151,-0.269,0.194,-0.073,0.041,0.016,0.022,0.006,0.096,-0.001,-0.046,-0.031,0.073,0.063,-0.095,-0.033,-0.014,0.098,-0.022,0.053,0.054
knowledge,-0.53,-0.149,0.341,-0.052,0.019,-0.241,0.171,-0.132,0.049,-0.016,-0.006,0.168,-0.021,-0.064,-0.1,-0.051,0.069,0.038,-0.056,0.027,-0.022,0.048,0.016,-0.049,0.028
laughter,-0.72,0.227,-0.141,-0.014,0.04,-0.063,-0.203,-0.004,-0.006,-0.046,0.008,0.102,0.059,-0.017,-0.026,-0.046,0.003,0.007,0.057,0.047,0.014,-0.006,-0.019,-0.006,0.022
letdown,0.409,-0.24,-0.006,0.231,0.11,-0.018,0.141,-0.046,-0.002,-0.131,0,-0.013,0.06,0.03,-0.028,0.012,0.07,-0.009,0.06,0.077,0.084,-0.004,-0.11,0.031,-0.005
lethargy,0.217,-0.496,-0.058,-0.158,-0.031,0.112,-0.067,-0.052,-0.016,0.128,-0.021,0.098,-0.021,0.158,0.153,0.082,0.056,0.174,0.151,0.101,0.031,-0.01,-0.047,-0.032,0.119
loneliness,0.395,-0.296,0.059,-0.07,0.151,0.014,0.024,-0.229,-0.22,0.067,0.036,-0.004,-0.045,0.037,-0.005,-0.015,0.103,-0.109,0.046,-0.086,-0.121,0.079,0.082,0.109,0.009
loss,0.5,-0.334,-0.072,0.044,-0.048,-0.087,0.101,-0.086,0.069,0.033,-0.145,0.031,0.179,-0.163,-0.027,0.011,-0.158,-0.019,-0.025,0.092,-0.038,-0.05,-0.122,0.031,0.014
lost,0.358,-0.235,0.149,0.04,0.058,0.192,0.146,-0.033,-0.096,0.076,0.158,0.036,0.02,-0.072,-0.129,-0.153,0.1,0.043,-0.062,0.112,-0.059,0.092,-0.017,-0.04,0.152
love,-0.774,0.076,-0.045,0.106,-0.021,0.002,-0.056,-0.05,0.069,-0.006,-0.007,-0.028,0.014,-0.048,0.078,0.142,-0.04,0.028,-0.04,0.242,-0.223,-0.125,-0.009,0.016,-0.01
marvel,-0.708,0.15,0.204,-0.141,0.165,0.048,-0.057,-0.033,-0.015,-0.088,0.025,-0.055,-0.127,0.007,0.077,0.038,0.02,0.03,-0.059,0.023,0.014,0.052,-0.02,-0.068,-0.048
mediocrity,0.06,-0.194,-0.158,0.106,-0.03,0.112,0.059,-0.023,-0.073,0.038,-0.08,0.011,-0.272,0.024,-0.051,0.252,0.046,0.042,-0.051,-0.033,0.117,-0.157,-0.043,-0.037,0.053
meekness,-0.282,-0.357,-0.109,-0.156,0.038,-0.117,-0.041,0.196,0.021,-0.153,-0.043,-0.15,-0.057,0.028,0.111,0.051,-0.057,-0.034,-0.041,-0.027,-0.062,-0.08,0.084,0.099,-0.052
melancholy,0.317,-0.375,0.11,-0.043,0.035,0.257,-0.042,0.023,-0.179,-0.043,0.068,0.064,0.128,0.1,0.026,-0.075,-0.056,0.088,0.073,0.012,0.156,0.058,-0.018,0.048,-0.082
miracle,-0.686,0.202,0.222,-0.142,0.117,0.092,0.046,-0.075,0.153,0.054,0.029,-0.043,-0.067,-0.089,-0.003,-0.014,-0.023,0.059,0.025,0.06,-0.033,0.073,0.027,-0.018,-0.052
misery,0.574,-0.136,-0.032,-0.181,-0.053,0.24,0.096,-0.112,-0.004,-0.097,0.061,-0.138,-0.019,-0.071,-0.014,0.007,0.086,0.06,-0.03,-0.026,-0.036,0.092,0.102,0.064,0.072
misfortune,0.391,-0.265,0.073,0.124,-0.098,-0.018,0.022,-0.189,-0.138,0.042,0.001,-0.124,0.005,-0.063,-0.118,-0.013,-0.06,-0.087,0.107,0.123,0.239,-0.137,-0.001,-0.032,0.016
mistake,0.248,0.028,0.082,0.174,0.087,0.043,0.164,-0.274,0.132,-0.138,-0.087,-0.007,0.134,-0.051,0.124,-0.083,-0.012,0.119,-0.088,-0.048,0.055,-0.033,0.002,0.082,-0.109
mockery,0.285,0.252,-0.051,-0.039,-0.021,-0.246,-0.052,-0.048,-0.042,0.109,0.061,-0.058,0.139,0.021,-0.147,-0.044,0.023,0.148,0.037,0.044,-0.146,0.057,-0.027,-0.008,-0.101
moodiness,0.426,-0.285,0.021,-0.008,-0.012,0.041,0.076,0.03,0.031,0.136,0.039,0.035,-0.167,-0.024,0.024,-0.07,0.017,0.07,-0.031,-0.105,0.055,0.108,0.043,-0.094,-0.081
motivation,-0.611,0.074,0.095,-0.004,-0.018,-0.018,0.116,-0.096,-0.114,0.049,-0.123,0.206,-0.004,-0.087,0.165,-0.077,-0.007,-0.133,-0.052,-0.104,0.079,0.03,-0.075,0.093,-0.006
naughtiness,0.214,0.301,-0.192,0.08,0.047,0.012,-0.088,0.049,0.034,0.114,0.113,-0.011,0.021,0.072,0.03,0.081,-0.064,0.102,-0.303,0.2,0.074,0.008,-0.081,0.001,0.045
nausea,0.309,-0.149,-0.179,0.069,-0.014,-0.394,-0.086,-0.223,0.118,-0.063,0.114,0.045,-0.051,-0.041,0.12,0.041,-0.121,-0.103,0.051,-0.006,-0.083,0.047,0.079,0.104,0.087
negativity,0.605,-0.039,-0.115,0.019,0.177,0.13,-0.015,0.069,-0.066,-0.008,0.141,-0.014,0.024,-0.033,-0.018,0.021,0.013,-0.09,0.102,-0.015,-0.063,-0.068,-0.063,0.014,0.118
nervousness,0.237,0.077,-0.071,0.169,0.07,0.05,0.101,0.097,-0.046,0.012,0.127,-0.106,0.067,-0.092,0.061,0.197,-0.171,-0.096,0.061,0.044,-0.13,-0.152,-0.1,-0.146,0.158
neutral,-0.122,-0.178,-0.082,-0.112,-0.008,-0.081,-0.088,0.19,-0.011,-0.005,0.087,-0.1,0.127,-0.012,0.001,0.156,0.082,-0.11,-0.005,-0.136,0.015,0.074,0.034,-0.045,-0.027
newness,-0.541,0.115,0.104,0.01,-0.011,0.151,0.041,-0.122,-0.068,0.118,-0.051,-0.045,-0.095,0.012,-0.139,0.213,-0.008,-0.018,-0.052,0.133,-0.115,-0.081,-0.036,-0.015,0.07
niceness,-0.718,-0.038,-0.197,0.242,0.087,-0.005,0.122,-0.054,-0.033,-0.025,0.036,-0.065,-0.005,0.087,0.019,0.04,0.053,-0.032,0.067,-0.007,-0.019,-0.024,-0.009,0.012,-0.054
normal,-0.391,-0.228,-0.061,-0.108,-0.033,-0.129,-0.047,-0.142,-0.192,-0.015,0.164,-0.022,0.028,-0.02,-0.127,0.012,-0.175,-0.043,-0.087,-0.038,0.107,0.018,0.145,0.005,-0.113
numbness,0.245,-0.26,-0.214,0.011,-0.074,0.072,-0.201,-0.012,-0.189,0.118,-0.205,0.069,0.101,0.11,-0.107,-0.04,-0.103,-0.012,-0.027,0.018,0.031,0.081,0.212,-0.082,-0.059
observance,-0.357,-0.161,0.048,-0.099,-0.321,0.01,0.002,-0.035,0.044,0.01,-0.12,-0.001,-0.077,-0.131,-0.137,0.025,-0.08,-0.021,0.082,-0.084,-0.155,-0.152,0.004,-0.009,0.01
offence,0.428,0.306,-0.099,-0.047,-0.009,0.06,0.122,0.099,0.113,-0.054,-0.1,0.025,-0.066,0.137,0.034,-0.031,-0.038,-0.033,-0.168,-0.152,-0.039,-0.087,0.024,-0.03,0.02
outrage,0.467,0.414,-0.033,0.082,0.021,-0.004,-0.101,-0.036,-0.038,-0.111,0.133,0.041,0.047,-0.082,-0.162,0.081,0.105,-0.061,-0.062,0.026,-0.017,-0.062,-0.029,0.009,-0.03
pacific,-0.562,-0.303,-0.123,0.035,0.018,-0.03,-0.075,0.079,0.064,0.122,0.078,-0.034,0.041,-0.005,0.114,-0.077,0.111,0.038,-0.134,0.041,0.057,-0.143,-0.022,-0.036,0.042
pain,0.658,0.042,0.023,-0.032,-0.231,-0.092,-0.028,-0.037,0.176,-0.013,0.168,-0.072,0.04,0.011,0.111,0.133,-0.035,-0.034,-0.062,-0.034,-0.057,-0.019,0.02,0.018,0.009
panic,0.415,0.049,0.265,0.38,0.07,0.093,-0.18,-0.057,-0.033,0.064,0.035,0.041,-0.067,-0.086,-0.085,0.098,-0.004,-0.046,0.037,-0.008,0.047,0.148,-0.055,-0.154,0.022
peace,-0.67,-0.107,-0.154,0.215,-0.228,0.175,0.008,0.007,0.132,0.175,-0.008,0.03,0.045,-0.094,-0.027,-0.068,0.028,-0.003,-0.073,-0.069,0.04,-0.003,0.111,0.011,0
perplexity,-0.062,0.115,0.113,0.154,-0.238,-0.166,0.032,-0.023,0.085,0.02,-0.137,-0.221,-0.005,-0.153,-0.08,0.019,0.154,0.136,-0.022,0.059,-0.014,-0.069,0.088,-0.075,0.04
perturbed,0.279,0.018,0.023,0.119,0.01,0.032,-0.161,0.021,0.023,-0.038,-0.197,0.022,-0.116,0.102,0.124,-0.026,0.028,0.134,0.049,-0.084,0.024,0.141,-0.121,-0.126,-0.025
pessimism,0.526,-0.2,-0.055,-0.206,-0.004,0.126,0.084,-0.112,0.059,0.064,0.149,0.025,-0.038,-0.045,0.136,0.026,0.103,-0.071,-0.062,0.025,0.024,0.152,0.115,-0.082,0.003
pity,0.027,-0.212,0.05,0.078,0.058,0.251,0.055,-0.174,-0.002,-0.188,0.01,0.329,0.086,-0.14,0.004,-0.024,0.042,0.042,-0.04,0.086,0.132,0.031,0.01,-0.059,-0.03
playfulness,-0.688,0.159,-0.141,-0.217,-0.032,0.17,0.069,-0.013,-0.204,0.105,-0.082,0,0.014,0.113,0.082,-0.115,-0.03,0.028,-0.021,-0.055,-0.044,-0.179,-0.024,0.065,0.034
pleasant,-0.74,0.015,-0.038,0.106,0.003,0.166,0.081,0.157,-0.116,-0.091,-0.024,-0.048,-0.014,0.004,0.022,-0.062,-0.045,0.083,-0.031,0.005,-0.106,0.043,-0.03,-0.005,-0.034
pleased,-0.719,0.054,-0.122,-0.046,-0.042,0.029,-0.061,-0.021,0.061,-0.061,-0.044,0.022,-0.117,-0.127,-0.097,0.036,-0.142,0.01,-0.005,0.031,0.023,-0.002,0.028,-0.031,-0.016
pleasure,-0.762,0.031,-0.143,-0.104,-0.079,0.137,-0.047,-0.05,-0.044,-0.141,-0.037,-0.128,-0.015,0.041,-0.15,0.084,-0.104,0.042,0.071,0.001,-0.097,0.123,0.038,-0.033,-0.024
politeness,-0.634,-0.126,-0.009,0.052,0.042,-0.038,-0.001,0.101,-0.092,-0.082,0.043,-0.132,0.046,0.124,0.04,-0.014,0.067,0.085,0.027,-0.008,0.013,-0.088,-0.037,-0.064,-0.046
positive,-0.775,0.031,-0.022,0.093,-0.095,0.028,-0.074,-0.056,0.04,-0.085,-0.042,-0.013,-0.054,0.016,0.173,0.081,0.056,0.089,0.284,-0.113,0.029,-0.069,-0.013,0.023,0.086
prey,0.343,0.357,-0.108,0.227,-0.081,-0.055,0.014,0.018,0.106,0.089,0.147,0.005,-0.026,0.169,-0.073,0.095,-0.019,-0.143,0.003,0.085,-0.239,-0.003,-0.014,0.12,0.055
push,-0.171,0.198,-0.092,0.037,0.057,0.051,0.184,0.187,0.046,-0.055,-0.212,0.215,0.036,0.088,-0.211,-0.153,0.042,0.011,-0.276,0.004,-0.027,0.06,-0.043,0.027,-0.112
puzzlement,-0.085,-0.007,0.358,0.037,0.071,-0.231,0.037,0.193,0.048,0.202,0.015,-0.028,-0.115,-0.125,0.178,-0.032,0.021,0.095,0.032,0.033,-0.078,0.021,-0.128,0.065,0.077
quirkiness,-0.364,0.098,-0.279,-0.148,-0.187,-0.207,-0.103,-0.019,-0.157,-0.121,-0.074,-0.043,-0.204,0.129,0.114,-0.205,0.063,0.106,-0.083,0.038,-0.005,-0.121,0.028,0.042,-0.017
quit,0.319,-0.154,-0.084,-0.094,0.306,-0.052,-0.031,-0.018,-0.043,-0.043,0.148,-0.031,0.049,0.029,-0.122,-0.039,-0.085,0.125,-0.256,-0.137,-0.099,0.011,-0.049,-0.092,0.21
radiance,-0.772,0.148,-0.095,0.056,0.035,0.013,-0.041,-0.044,-0.006,0.032,-0.031,-0.01,-0.158,0.065,0.15,0.143,0.082,0.04,-0.143,-0.05,0.041,0.163,-0.02,0.009,-0.047
realization,-0.499,-0.054,0.127,0.068,-0.169,-0.067,0.174,-0.103,0.062,-0.039,-0.175,0.031,0.179,-0.216,-0.111,0.017,-0.01,-0.055,-0.089,-0.029,-0.09,-0.075,0.041,-0.037,0.119
reassurance,-0.621,-0.18,0.074,0.136,0.015,-0.126,-0.023,-0.111,0.13,-0.081,-0.104,-0.077,-0.143,0.049,-0.001,-0.014,-0.049,-0.034,-0.037,-0.083,0.009,-0.084,0.028,-0.011,-0.098
rebellious,0.313,0.135,0.171,-0.086,-0.18,-0.239,0.161,-0.107,-0.153,0.14,-0.138,-0.048,0.102,0.047,-0.114,0.015,-0.019,-0.155,-0.106,0.07,-0.03,0.037,-0.016,0.077,0.072
refusal,0.313,-0.018,-0.145,0.083,0.022,-0.079,0.048,0.008,-0.211,0.015,0.161,0.045,-0.298,-0.179,0.026,0.063,-0.075,0.063,-0.068,0.021,-0.187,0.019,0.061,-0.084,-0.103
regret,0.303,-0.123,0.094,0.122,0.217,-0.001,0.048,-0.029,-0.106,-0.112,-0.014,0.067,-0.046,-0.003,-0.049,-0.176,0.114,0.015,0.054,0.189,-0.14,-0.058,0.036,-0.079,0.014
rejection,0.398,0.015,0.179,-0.008,0.143,0.079,0.064,-0.07,-0.167,-0.053,-0.026,-0.044,0.071,-0.005,-0.028,0.138,-0.031,-0.034,0.001,0.049,-0.051,0.015,-0.101,0.01,-0.126
rejuvenation,-0.723,-0.004,0.003,-0.083,0.207,-0.064,0.009,-0.092,-0.054,0.154,-0.113,-0.02,0.011,-0.072,0.016,-0.037,0.063,0.002,0.045,-0.094,0.07,0.05,0.022,-0.044,0.045
relaxation,-0.615,-0.151,-0.001,0.173,0.006,-0.048,-0.052,0.191,-0.095,0.094,0.143,-0.008,0.021,-0.047,-0.083,-0.109,0.075,0.042,-0.026,-0.155,-0.017,-0.104,0.055,-0.064,-0.029
relief,-0.647,-0.13,0.035,0.009,0.023,-0.005,-0.205,0.074,-0.09,0.033,-0.025,0.074,0.107,-0.016,-0.004,0.054,-0.04,-0.148,0.035,-0.005,-0.014,-0.019,-0.053,-0.02,0.142
relinquished,0.089,-0.222,0.121,-0.25,0.199,0.216,0.228,0.009,-0.121,-0.038,0.117,-0.035,-0.003,0.065,-0.012,0.198,-0.022,0.044,-0.086,-0.004,0.073,-0.05,0.036,-0.052,0.071
remorse,0.39,-0.269,0.002,0.091,0.003,0.05,-0.141,-0.063,-0.001,-0.117,0.062,-0.065,0.078,0.002,0.028,-0.105,0.07,-0.08,0.133,0.142,-0.009,0.089,0.165,0.099,-0.063
repelled,0.554,0.068,-0.126,-0.016,0.087,-0.046,0.042,-0.071,-0.143,0.167,-0.105,-0.109,-0.069,0.137,-0.08,0.003,0.021,-0.029,-0.182,0.064,0.039,0.006,-0.009,-0.081,-0.119
repulsion,0.584,0.194,0.07,0.011,0.071,0.037,0,0.106,-0.225,0.111,0.05,0.076,0.144,0.006,-0.113,-0.028,-0.111,0.06,0.043,-0.036,0.101,-0.129,0.055,-0.081,-0.042
resentful,0.473,0.031,-0.007,-0.17,0.017,0.051,0.029,0.071,-0.079,-0.077,0.093,-0.101,0.099,-0.041,-0.026,0.076,0.034,0.173,0.053,-0.146,-0.198,-0.082,0.067,0.001,0.029
resentment,0.55,0.077,-0.018,-0.084,0.041,-0.038,0.083,0.124,-0.059,-0.141,-0.05,0.028,0.059,0.16,-0.127,-0.079,0.036,-0.036,-0.021,0.004,0.137,0.056,0.06,-0.037,0.148
resignation,0.216,-0.258,0.008,-0.104,0.188,0.011,-0.123,-0.17,0.003,0.059,-0.117,-0.012,0.148,-0.099,0.009,0.067,-0.123,0.009,0.097,-0.163,0.001,-0.021,0.111,0.032,0.008
resolve,-0.488,-0.086,-0.01,0.008,-0.075,0.113,0.168,0.154,-0.032,-0.015,0.007,-0.084,0.108,0.027,0.051,-0.073,0.205,0.105,-0.069,-0.075,0.164,-0.012,-0.105,0.104,-0.039
responsiveness,-0.533,-0.199,0.074,-0.126,-0.041,-0.013,0.082,0.058,0.023,0.102,-0.022,0.026,-0.084,-0.1,-0.001,-0.003,0.219,-0.053,-0.047,-0.047,0.192,-0.113,0.027,-0.009,-0.107
revelation,-0.468,0.101,0.187,-0.128,-0.043,0.05,-0.005,-0.047,0.118,0.028,0.017,0.053,0.072,-0.049,0.076,0.08,0.041,0.022,0.09,0.173,-0.159,0.055,-0.086,0.06,0.007
revulsion,0.551,0.19,-0.018,0.045,0.161,0.153,0.106,0.006,0.006,0.004,-0.081,-0.099,-0.021,-0.036,0.092,0.014,-0.036,0.029,0.016,-0.022,-0.095,-0.077,0.066,0.029,-0.151
rush,-0.145,0.324,0.065,-0.133,0.121,0.057,0.123,-0.216,0.16,0.088,-0.007,-0.001,-0.132,0.17,-0.16,0.151,-0.004,0.004,-0.134,0.029,-0.019,-0.066,0.057,0.134,0.099
sadness,0.516,-0.133,0.102,-0.136,0.099,0.115,-0.18,0.15,0.093,-0.041,0.004,0.174,0.06,0.007,-0.016,-0.04,-0.078,0.019,0.106,0.04,-0.046,0.018,-0.026,0.079,0.027
sarcasm,0.222,0.132,-0.153,-0.099,0.086,-0.116,-0.055,0.121,-0.109,0.053,0.087,-0.054,0.161,-0.166,0.254,0.083,-0.008,0.094,0.04,0.033,-0.039,0.047,-0.002,-0.174,-0.095
satiated,-0.655,-0.225,-0.118,0.024,0.178,0.08,-0.133,-0.065,-0.058,0.12,0.043,0.02,-0.064,-0.139,-0.053,-0.035,-0.048,0.001,-0.089,-0.048,-0.023,-0.061,0.018,-0.03,0.005
satisfaction,-0.662,-0.086,-0.141,0.076,-0.096,0.127,-0.038,-0.02,-0.085,-0.013,0.055,0.057,-0.107,-0.116,0.091,0.112,-0.084,0.001,-0.069,-0.019,-0.014,0.027,-0.07,-0.05,0.039
scare,0.445,0.215,0.172,0.16,0.127,-0.084,-0.083,0.017,-0.031,0.068,-0.087,0.207,0.049,0.094,0.098,-0.152,-0.064,-0.096,0.002,-0.083,-0.12,0.012,-0.051,-0.097,0.076
scolding,0.434,0.243,-0.286,-0.065,-0.052,0.002,0.009,-0.096,0.085,-0.019,-0.02,0.002,-0.081,-0.039,0.048,-0.015,-0.107,0.065,0.022,-0.037,0.069,-0.112,0.058,0.032,0.108
scorn,0.5,0.182,-0.052,-0.014,0.051,0.072,0.143,-0.123,0.11,-0.117,-0.023,-0.057,0.064,-0.149,0.178,0.05,0.057,0.03,-0.036,-0.033,0.103,0.025,0.027,0.022,-0.082
secure,-0.653,-0.126,0.097,0.082,0.011,0.033,-0.034,0.102,0.028,0.145,0.006,0.033,0.004,0.147,-0.084,-0.094,-0.081,-0.041,0.006,-0.058,-0.141,-0.007,-0.057,0.061,-0.164
serene,-0.665,-0.255,-0.122,0.081,0.109,0.168,-0.003,0.089,0.157,0.035,0.108,-0.06,-0.016,-0.087,0.052,0.058,0.092,-0.042,-0.044,0.005,0.107,0.104,0.091,-0.058,0.034
seriousness,0.05,0.006,-0.086,0.016,-0.132,0.128,0.184,0.206,0.292,0.057,-0.298,-0.181,0.048,0.014,-0.005,-0.139,-0.003,-0.008,0.044,0.118,0.051,-0.14,0.029,-0.065,-0.005
shame,0.415,-0.107,-0.135,-0.05,0.274,-0.002,-0.023,0.116,0.019,-0.027,0.171,0.076,0.06,-0.083,-0.004,0.005,-0.273,0.03,0.028,0.041,0.006,-0.162,0.087,0.069,-0.085
shock,0.188,0.394,0.138,0.078,0.019,0.044,-0.225,0.124,0.217,0.212,-0.016,0.146,0.009,-0.018,0.035,0.081,0.023,-0.016,-0.048,-0.131,-0.049,-0.016,-0.109,0.027,0.054
sickness,0.451,-0.224,0.027,-0.088,0.17,-0.143,-0.188,-0.262,0.04,0.024,-0.11,-0.047,0.04,-0.166,0.067,-0.093,-0.092,0.052,0.035,0.153,-0.103,-0.112,-0.054,-0.035,0.063
silence,0.053,-0.371,0.047,-0.145,-0.118,-0.176,-0.069,0.149,0.064,0.169,0.182,-0.055,-0.079,0.134,-0.02,0.001,0.071,-0.132,-0.101,-0.057,0.227,0.005,-0.07,-0.067,0.019
silliness,-0.589,0.171,-0.095,-0.178,-0.183,-0.164,-0.197,0.131,0.047,-0.043,0.16,-0.203,0.179,-0.111,0.148,-0.16,-0.021,0.148,-0.031,-0.002,0.065,0.068,-0.084,-0.004,-0.007
skepticism,0.175,-0.084,0.026,0.035,-0.103,-0.277,-0.046,-0.182,-0.044,0.119,0.043,-0.065,-0.246,-0.187,-0.042,-0.054,0.13,-0.012,-0.018,-0.011,-0.028,-0.065,-0.01,-0.13,-0.058
smugness,0.248,0.134,-0.13,-0.207,-0.055,-0.131,0.103,-0.019,0.014,-0.082,0.029,0.121,-0.228,-0.089,0.083,-0.06,0.115,0.06,0.085,0.008,0.086,-0.171,-0.149,-0.105,-0.13
snarky,0.336,0.229,-0.268,-0.048,0.039,0.071,-0.07,0.05,0.036,0.093,-0.038,0.042,-0.224,-0.027,-0.028,0.047,0.119,0.053,0.081,0.009,-0.037,0.062,-0.019,0.091,0.116
snide,0.361,0.106,-0.18,-0.127,0.159,-0.005,0.017,0.013,0.123,-0.183,0.033,0.231,-0.083,-0.049,-0.058,-0.092,0.024,0.055,-0.017,-0.044,0.008,-0.171,-0.033,0.082,0.033
snobby,0.27,0.015,0.137,-0.281,0.147,-0.392,-0.023,-0.027,-0.121,0.211,-0.157,0.162,-0.049,-0.064,0.166,0.121,-0.185,0.045,-0.051,-0.13,0.069,0.077,0.065,-0.127,0.06
snot,0.279,0.13,0.09,-0.142,0.287,0.067,-0.053,0.042,0.13,0.253,0.109,0.059,-0.015,0.179,0.025,-0.018,0.025,-0.049,0.057,-0.05,0.137,-0.02,0.206,-0.036,-0.05
softness,-0.646,-0.236,0.059,0.069,0.148,-0.014,0.073,0.086,-0.02,0.094,-0.136,-0.029,0.079,0.099,0.119,0.094,-0.067,0.003,0.044,-0.006,-0.171,0.067,0.034,-0.027,-0.02
somber,0.299,-0.179,0.001,0.022,0.078,0.102,-0.079,0.13,0.174,0.189,-0.06,-0.012,0.142,0.053,-0.24,-0.011,0.07,-0.028,-0.146,0.098,-0.129,0.068,-0.084,-0.096,-0.068
sorrow,0.433,-0.279,-0.013,-0.274,-0.131,0.239,-0.071,-0.107,0.176,-0.032,-0.055,-0.065,-0.004,-0.026,-0.029,-0.089,-0.047,-0.094,-0.005,-0.018,-0.096,0.054,-0.088,0.064,-0.139
sourness,0.47,0.098,0.097,-0.072,0.141,-0.001,0.133,-0.001,0.008,-0.127,0.09,-0.005,-0.023,-0.119,0.141,0.198,0.061,-0.032,-0.004,0.026,0.06,-0.135,-0.044,-0.058,0.038
speechless,-0.013,-0.222,0.117,-0.171,0.259,-0.024,0.045,0.104,0.096,0.037,-0.011,-0.061,0.116,-0.063,-0.043,-0.207,-0.121,-0.171,0.017,-0.042,-0.023,0.037,-0.028,0.07,0.054
spook,0.328,0.284,0.226,-0.035,-0.155,0.252,-0.026,0.065,0.079,0.136,-0.093,-0.127,-0.066,-0.008,0.034,-0.186,-0.026,-0.102,0.081,-0.076,0.025,0.014,-0.15,-0.027,0.141
squeamish,0.352,0.016,0.017,0.341,0.168,0.108,-0.11,0.075,0.061,0.125,0.048,0.163,0.112,-0.084,0.231,-0.088,-0.132,-0.1,0.011,0.005,0.053,-0.006,0.172,0.085,0.068
stability,-0.494,-0.33,-0.033,-0.157,-0.106,0.102,-0.02,0.123,-0.093,0.159,-0.072,0.019,0.01,0.002,0.055,-0.064,-0.026,-0.028,0.017,-0.158,0.12,0.081,-0.003,-0.101,0
stern,0.217,0.201,-0.107,-0.12,-0.093,0.171,0.064,0.111,-0.057,-0.084,0.056,0.119,0.014,0.17,0.083,-0.137,-0.132,0.061,0.069,0.167,0.034,-0.218,-0.058,-0.05,-0.109
strength,-0.629,-0.145,0.132,-0.031,-0.011,0.203,0.245,0.087,-0.096,-0.048,0.056,-0.029,-0.059,-0.102,0.082,-0.043,-0.023,-0.021,0.012,-0.084,0.055,0.23,-0.015,0.104,-0.061
stress,0.344,-0.005,-0.016,0.159,-0.121,-0.057,-0.274,0.029,0.048,-0.032,-0.118,-0.075,0.063,-0.112,0.125,-0.062,0.024,0.102,-0.052,0.016,0.056,0.088,-0.151,-0.065,0.1
stubbornness,0.18,-0.036,-0.061,-0.193,0.318,-0.016,0.109,-0.092,0.01,0.04,0.148,-0.13,0.018,-0.009,-0.114,0.12,0.206,-0.263,-0.153,0.052,-0.011,0.018,0.006,-0.081,0.021
sulky,0.398,-0.25,0.055,-0.258,0.103,0.072,0.083,0.052,0.049,-0.125,0.06,0.069,0.071,0.106,0.087,-0.137,-0.012,-0.076,0,-0.036,-0.022,0.072,0.067,-0.052,0.056
surprise,-0.408,0.396,0.27,0.01,-0.147,0.002,-0.001,0.02,-0.156,-0.135,0.067,-0.026,0.023,0.022,-0.016,-0.1,-0.106,-0.016,-0.072,-0.014,-0.039,0.168,0.051,-0.003,-0.052
suspicion,0.273,0.027,0.246,0.092,0.154,-0.079,-0.021,0.035,-0.033,0.132,-0.003,0.029,0.139,-0.108,-0.039,-0.144,0.022,0.017,0.153,0.16,0.125,0.065,0.016,0.173,-0.033
sympathy,-0.541,-0.265,0.002,-0.091,-0.075,0.042,-0.129,-0.042,0.026,0.086,0.024,-0.008,-0.015,0.022,0.079,0.093,-0.173,0.115,-0.13,0.144,-0.031,0.106,-0.063,0.036,-0.037
taut,0.036,0.056,0.013,0.022,0.191,-0.289,0.013,0.187,-0.06,-0.098,-0.11,0.282,-0.057,-0.016,-0.205,-0.013,-0.017,0.161,0.138,-0.014,0.047,-0.121,-0.004,0.062,0.098
tease,0.084,0.171,-0.183,-0.042,-0.024,-0.224,-0.159,0.165,0.015,0.172,-0.037,-0.197,-0.248,0.021,-0.041,-0.049,-0.031,-0.02,-0.101,-0.057,-0.037,0.072,0.005,0.03,-0.041
temper,0.247,0.191,-0.055,-0.022,-0.061,0.032,0.098,0.087,-0.096,0.116,-0.158,0.071,0.127,-0.229,-0.037,0.051,-0.035,0.211,-0.281,-0.035,0.075,0.029,-0.116,0.063,-0.11
tension,0.329,0.198,0.177,0.039,-0.123,-0.112,-0.095,-0.013,0.02,0.011,0.004,-0.205,0.096,-0.003,0.144,0.101,-0.014,0.205,-0.069,0.056,-0.143,-0.072,0.014,-0.06,0.088
terror,0.573,0.331,0.024,0.137,-0.002,0.33,-0.113,0.105,-0.022,0.083,0.015,0.032,0.09,0.017,0.073,-0.024,-0.072,0.051,-0.004,-0.135,-0.068,-0.064,0.007,0.058,0.013
testy,0.403,0.144,-0.031,-0.173,0.008,-0.298,0.078,-0.098,0.114,-0.029,-0.043,0.076,0.016,0.042,0.021,0.088,0.028,0.046,-0.045,0.045,-0.124,0.006,-0.024,0.015,0.033
thankfulness,-0.69,0.088,-0.222,0.045,0.08,0.106,-0.028,-0.066,-0.036,-0.048,-0.011,0.013,-0.03,-0.064,-0.153,-0.013,0.075,0.044,0.048,-0.156,-0.018,-0.06,0.03,-0.049,-0.051
thinking,-0.396,-0.185,0.146,-0.14,-0.059,-0.047,0.179,0.144,0.068,-0.043,0.057,0.121,-0.024,-0.194,-0.023,-0.012,-0.007,0.005,0.093,0.056,-0.136,-0.045,0.011,0.06,0.053
thoughtfulness,-0.626,-0.244,0.052,0.082,0.179,0.037,0.036,0.069,-0.004,-0.077,0.106,-0.149,-0.081,-0.009,-0.084,-0.066,-0.105,0.203,0.037,-0.001,-0.028,0.001,-0.027,-0.099,0.058
threat,0.579,0.303,0.144,0.085,0.024,-0.078,-0.008,0.244,0.025,0.009,0.012,0.017,0.003,-0.044,-0.06,0.074,0.111,-0.033,0.045,-0.05,-0.04,-0.006,-0.005,0.084,0.021
thrill,-0.513,0.388,0.075,-0.207,-0.002,-0.073,-0.053,0.044,-0.087,-0.056,0.05,-0.024,0.013,-0.033,-0.077,0.124,0.135,-0.037,0.091,-0.041,-0.012,0.003,0.07,0.072,0.07
tightness,0.105,0.154,-0.109,-0.126,-0.086,0.022,0.135,-0.04,-0.023,0.168,0.029,-0.069,0.008,0.074,-0.042,-0.055,-0.132,-0.046,0.026,0.351,-0.071,-0.064,0.046,0.032,0.033
timidity,0.067,-0.208,-0.045,0.166,-0.181,-0.232,0.042,0.334,-0.125,-0.105,0.207,0.084,-0.128,0.057,-0.001,0.037,0.046,-0.062,0.011,0.026,0.099,0.042,-0.053,-0.09,0.126
tiredness,0.227,-0.436,0.003,-0.062,-0.023,-0.051,0.109,0.008,0.041,0.188,-0.048,-0.055,-0.053,0.077,-0.092,-0.14,0.012,0.014,0.046,0.215,0.059,-0.08,-0.142,0.043,-0.091
tolerance,-0.433,-0.2,-0.2,0.159,-0.006,-0.07,0.145,-0.177,0.086,0.033,-0.179,0.022,-0.028,0.079,0.162,-0.06,-0.03,-0.048,0.022,-0.058,0.069,0.074,0.014,-0.02,0.103
torment,0.583,0.217,-0.026,0.163,0.042,-0.025,0.025,0.108,0.131,0.076,0.229,0.052,-0.137,-0.123,-0.149,-0.076,-0.133,0.077,-0.031,-0.019,0.011,0.05,0.017,-0.029,-0.024
tranquility,-0.649,-0.224,-0.065,0.036,0.104,0.065,0.01,0.235,-0.073,0.045,0.192,-0.008,0.032,0.066,0.181,0.106,-0.173,-0.187,0.02,-0.037,-0.001,0.037,-0.014,-0.031,0.029
trauma,0.45,0.133,0.048,0.358,0.09,-0.173,-0.09,0.042,0.07,0.02,0.104,0.135,-0.038,0.06,-0.025,0.123,0.126,0.027,-0.178,-0.078,0.03,-0.055,0.012,-0.03,0.098
turmoil,0.436,0.11,0.053,0.066,-0.136,-0.038,0.027,-0.197,0.156,0.063,0.177,0.079,0.029,-0.096,-0.018,-0.179,0.007,0.026,-0.077,-0.067,-0.02,0.106,-0.007,-0.013,0.171
unaccepted,0.398,-0.121,0.173,0.058,0.02,-0.104,-0.004,0.06,0.082,-0.255,-0.085,0.001,-0.125,-0.078,-0.146,0.133,0.026,0.093,-0.008,-0.047,0.068,0.067,0.001,-0.045,-0.183
uncertainty,0.08,-0.142,-0.02,-0.087,0.127,-0.089,-0.205,-0.101,-0.016,-0.281,0.054,0.023,0.08,0.207,0.058,0.08,0.069,-0.036,-0.178,0.019,0.057,0.031,-0.029,0.022,-0.029
uncomfortable,0.305,0.067,0.046,0.085,-0.195,-0.065,-0.053,0.018,-0.021,0.123,0.162,-0.118,0.075,0.006,-0.108,-0.014,0.005,-0.017,-0.088,-0.111,-0.038,-0.046,0.036,0.241,-0.091
unconcerned,-0.072,-0.323,-0.102,0.016,0.173,-0.093,-0.054,0.007,-0.285,0.238,0.054,-0.147,0.082,-0.128,-0.067,0.006,0.066,-0.007,-0.009,-0.105,-0.088,0.017,-0.071,0.077,0.1
undecided,0.022,-0.207,0.07,0.011,0.221,-0.082,0.018,0.253,0.055,-0.209,-0.053,-0.131,-0.037,0.176,0.106,0.062,0.021,0.008,-0.049,0.115,0.013,0,0.034,0.045,0.01
understanding,-0.576,-0.216,0.205,0.221,-0.049,0.041,-0.009,-0.139,-0.024,0.148,0.009,-0.032,0.084,0,-0.015,-0.035,0.051,0.037,-0.025,0.009,0.075,-0.046,-0.002,-0.033,0.045
uneasiness,0.313,-0.176,-0.053,0.171,-0.014,0.016,0.232,-0.001,0.117,-0.021,0.123,-0.18,0.102,0.012,0.028,-0.05,-0.043,0.167,0.098,0.255,0.063,0.111,0.078,-0.022,-0.044
unexpected,-0.086,0.107,0.256,-0.062,-0.064,0.021,-0.198,0.037,-0.018,-0.127,0.143,0.031,-0.135,0.196,-0.064,-0.082,-0.158,-0.04,-0.02,-0.102,0.202,-0.12,0.075,-0.034,0.119
unhappiness,0.565,-0.234,-0.063,0.056,-0.053,0.242,-0.041,-0.087,-0.003,-0.027,0.036,0.065,0.018,0.091,0.071,-0.042,0.021,0.041,-0.027,-0.043,0.046,-0.078,-0.161,-0.025,-0.02
unpleasantness,0.449,0.05,-0.036,-0.001,-0.061,0.019,-0.108,-0.013,-0.018,-0.021,-0.222,0,0,-0.104,-0.174,0.12,-0.068,-0.033,0.081,0.119,0.017,-0.015,0.086,0.172,0.089
unsavory,0.419,0.026,-0.125,-0.005,-0.01,0.004,-0.221,-0.147,0.077,-0.016,-0.111,-0.044,-0.136,-0.009,0.038,0.174,0.127,-0.073,-0.086,-0.043,0.071,-0.016,0.189,0.099,0.085
unsettled,0.336,-0.099,0.06,-0.066,-0.091,-0.159,-0.216,0.282,0.117,-0.036,-0.004,0.041,-0.143,0.058,0.035,-0.059,-0.142,-0.051,-0.053,0.06,0.09,0.085,0.072,-0.011,0.048
unsure,0.04,-0.127,0.102,0.043,-0.042,-0.131,0.114,-0.086,0.107,-0.134,-0.016,-0.198,-0.086,0.239,-0.055,0.172,-0.153,-0.176,0.096,-0.074,0.075,0.07,0.098,0.153,0.002
unwillingness,0.271,-0.097,-0.08,-0.061,0.029,0.032,-0.155,-0.002,-0.102,-0.106,0.244,0.1,0.072,-0.118,-0.08,0.022,0.129,-0.081,-0.062,0.058,0.194,0.092,-0.112,0.065,-0.043
upliftment,-0.753,-0.028,-0.093,-0.047,0.046,0.157,-0.052,-0.178,-0.042,-0.128,-0.023,0.139,0.203,-0.003,0.129,0,0.029,0.004,-0.024,0.104,0.131,0.023,-0.001,-0.012,-0.036
vexation,0.331,0.104,0.004,-0.106,-0.171,0.139,0.097,-0.101,-0.084,-0.127,0.283,-0.206,-0.146,-0.041,-0.053,0.038,-0.279,0.062,-0.084,-0.008,0.054,-0.012,-0.013,-0.078,-0.043
warmness,-0.681,0.041,-0.041,0.061,-0.09,0.202,0.007,-0.002,0.054,0.033,0.026,-0.042,0.19,0.134,-0.047,-0.088,-0.139,0.036,-0.004,-0.073,-0.024,-0.038,0.06,-0.054,-0.007
weariness,0.226,-0.303,0.035,-0.217,-0.191,-0.037,-0.036,-0.004,0.116,-0.157,0.114,0.033,0.12,-0.012,0.018,0.053,0.106,0.046,-0.004,0.002,-0.102,0.105,-0.073,-0.061,-0.082
woeful,0.494,-0.316,0.013,0.014,0.048,-0.023,-0.059,0.027,0.071,-0.028,0.084,-0.052,0.069,-0.008,-0.122,-0.034,0.084,0.058,0.08,0.004,-0.171,-0.039,-0.06,0.014,0.053
wonder,-0.707,0.028,0.299,-0.156,-0.153,-0.07,0.049,-0.124,-0.014,-0.059,-0.012,0.059,-0.046,0.071,0.074,-0.023,-0.096,-0.063,-0.054,-0.001,-0.029,0.069,0.045,-0.03,0.007
wonderment,-0.696,0.182,0.205,-0.005,0.203,0.248,-0.08,0.069,0.057,0.052,0.037,-0.088,0.038,-0.014,-0.01,0.014,0.027,0.104,0.043,0.042,0.018,-0.004,0.005,-0.023,-0.038
worry,0.274,-0.124,0.275,-0.008,-0.084,0.013,-0.126,-0.115,-0.184,-0.074,-0.217,0.043,0.097,-0.095,0.065,-0.112,0.128,-0.098,0.059,0.064,0.12,-0.041,0.021,0.018,0.01