0.834301,0.425959,-0.445908,-0.719999,1.127067,0.442228,-0.431602,-0.169898,0.977371,0.118276,0.341803,0.17146,-0.539044,-0.517607,1.002514,-0.054161,-0.35823,0.629732,-0.575747,0.051101,-0.0565,-0.003213,-0.12918,0.463695,0.209747
0.511052,0.531897,-0.263671,-0.379365,0.446335,0.019661,-0.418058,-0.211573,0.426383,0.048018,0.661703,-0.030458,-0.012184,-0.34627,0.964979,0.244984,-0.156377,0.113959,-0.336117,-0.442984,0.178201,0.033149,0.442468,0.320099,-0.166774
0.216279,0.151682,-0.255046,-0.300517,0.111381,0.184954,0.030672,0.048758,0.35176,0.076328,0.314163,0.091565,0.040004,-0.304373,0.511763,0.04339,-0.160456,0.150851,0.034045,-0.199635,-0.17352,0.164391,0.181237,0.258341,0.061347
0.264831,0.22275,-0.218742,-0.186974,0.374072,0.0942,-0.160655,-0.084881,0.299362,0.067326,0.287341,0.042913,-0.023212,-0.308998,0.445728,0.043234,-0.180234,0.200983,-0.180837,-0.155647,-0.065685,0.023715,0.114177,0.266023,0.013171
0.108004,0.016863,-0.017147,-0.041229,0.037634,0.027045,-0.0342,-0.094662,0.093719,0.043416,0.149618,0.056911,-0.080486,-0.173589,0.106045,0.045879,-0.077691,0.080929,-0.002751,0.03826,-0.003518,-0.01578,0.073991,0.065878,0.041727
0.49558,0.465141,-0.351731,-0.421268,0.967538,0.150648,-0.459207,-0.066144,0.62188,0.077287,0.330253,-0.061829,-0.273728,-0.281491,0.948784,-0.040626,-0.277278,0.434382,-0.299866,-0.417883,0.06948,0.022475,-0.025165,0.453167,0.031862
0.528442,0.23822,-0.098412,-0.089502,0.295434,-0.041192,-0.188394,-0.230055,0.199207,-0.054013,0.233444,-0.001078,-0.215395,-0.353725,0.189023,-0.048159,-0.088435,0.21785,-0.185433,-0.049335,-0.015351,0.008827,-0.001148,0.262735,0.098359
0.277296,0.309164,-0.284355,-0.293446,0.417856,0.170694,-0.155255,-0.013784,0.424394,0.040735,0.337679,-0.000266,-0.051085,-0.275388,0.602338,0.050576,-0.241644,0.268784,-0.06031,-0.352905,-0.105887,0.113528,0.103552,0.315363,0.015755
0.439049,1.079163,-0.533098,-0.232991,1.388136,0.325205,-0.654484,0.076343,0.962362,0.207112,0.080669,0.058092,-0.104877,-0.263827,1.073082,0.035563,-0.21502,0.287541,-0.144913,-0.996314,0.116062,0.100898,-0.197243,0.292371,0.006689
0.163691,0.145214,-0.108079,-0.158342,0.13291,0.081818,-0.08408,-0.055267,0.187755,0.086888,0.22579,0.001587,-0.036254,-0.201405,0.332868,0.04835,-0.113057,0.094705,-0.076623,-0.136045,-0.009794,0.044068,0.131115,0.171727,0.017127
0.531773,0.498819,-0.286796,-0.260244,0.525906,0.132611,-0.315938,-0.16971,0.539306,0.152354,0.439173,0.051743,-0.197499,-0.522355,0.702049,0.097437,-0.241571,0.414031,-0.047369,-0.33942,0.013083,0.084377,0.178624,0.377617,0.085494
0.228595,0.344747,-0.202208,-0.194794,0.623255,0.193492,-0.352121,-0.078925,0.454782,0.209284,0.027816,0.284269,0.013107,-0.207833,0.659309,-0.01797,-0.229383,0.101544,-0.24017,-0.193403,0.108989,-0.074075,-0.005115,0.260977,-0.139418
0.676677,0.987899,0.330693,0.063128,0.372073,-0.094542,-0.413658,-0.502843,-0.001095,0.600489,1.258049,0.305261,-0.376226,-0.792707,0.708317,0.891307,-0.324317,0.102672,-0.023696,-0.55801,0.209374,-0.145538,0.292273,-0.484248,-0.287552
0.098897,0.13351,-0.124076,-0.071457,0.246533,0.069527,-0.147509,-0.020596,0.193141,0.044413,0.055548,0.008711,-0.000392,-0.110147,0.23629,-0.006024,-0.07983,0.091202,-0.052769,-0.137769,0.014907,0.03825,0.036057,0.138844,0.04155
1.773646,1.404995,-0.769006,-0.314045,1.343269,0.324511,-0.489424,0.462722,0.765174,-0.322102,0.522132,-0.386841,-0.191183,-0.979479,0.383607,0.412105,0.296291,0.602671,0.085475,-1.147847,0.333981,-0.233691,-0.005097,-0.072464,0.385201
0.318359,0.256843,-0.219689,-0.279929,0.3169,0.034075,-0.240739,-0.190585,0.400868,0.194585,0.478784,0.07742,-0.146542,-0.413863,0.627387,0.10732,-0.252314,0.207065,-0.186618,-0.206974,-0.02453,0.078237,0.232937,0.340235,0.065189
0.629767,0.632358,-0.46047,-0.403496,1.027196,0.299755,-0.556079,0.048921,0.607716,0.158464,0.531155,-0.209694,0.030467,-0.310528,1.083447,0.166428,-0.281782,0.405103,-0.350315,-0.737553,0.044677,-0.059602,0.283091,0.662753,-0.028793
0.219728,0.512327,0.204805,0.121055,0.860012,-0.179256,0.661166,-1.527067,0.748142,0.056364,1.126544,0.357177,0.810483,-1.100467,1.852684,0.269212,-1.751382,-0.311157,0.729864,0.078273,0.234566,0.784627,-0.385069,0.620969,-0.483306
0.560795,0.661302,-0.361538,-0.258909,0.509163,0.054998,-0.265769,-0.020315,0.355632,0.121362,0.735078,-0.144333,-0.097605,-0.545737,0.720265,0.306818,-0.138982,0.337561,-0.151171,-0.661905,-0.066275,0.104894,0.2779,0.264667,-0.003104
0.288063,0.194532,-0.095877,-0.115876,0.148489,0.032732,-0.123366,-0.059873,0.169473,0.033147,0.223467,0.009786,0.007584,-0.238641,0.286547,0.077395,-0.057862,0.115385,-0.104531,-0.110158,0.011358,0.039727,0.130023,0.131662,0.014858
0.357886,0.486049,-0.483071,-0.486533,0.82761,0.146054,-0.336127,0.109346,0.66287,0.133622,0.428652,0.063924,-0.043527,-0.478053,0.943889,0.109082,-0.277449,0.37141,-0.374565,-0.576408,-0.06343,0.091975,0.124445,0.492585,-0.018234
0.396695,0.264227,-0.219155,-0.235562,0.374505,0.102483,-0.179678,-0.081394,0.399975,0.060276,0.351516,0.041711,-0.087651,-0.466932,0.504307,0.055483,-0.215179,0.258647,-0.187928,-0.190574,-0.056503,0.061925,0.202073,0.327027,0.080794
0.109654,0.075419,-0.075537,-0.094865,0.119387,0.044959,-0.108921,-0.0488,0.168331,0.045269,0.143523,-0.023383,-0.058779,-0.149195,0.193165,0.052325,-0.060305,0.086429,-0.059322,-0.067023,-0.021548,0.0238,0.08074,0.128536,0.028969
0.078859,0.070395,-0.069402,-0.090144,0.127483,0.025778,-0.102704,-0.053397,0.109537,0.046267,0.078583,0.045033,-0.047368,-0.075005,0.187332,-0.007064,-0.060322,0.056341,-0.07772,-0.042957,-0.006844,0.015124,0.000337,0.093677,-0.018929
0.231966,0.447444,-0.092543,0.111273,0.582238,0.885249,0.004927,-0.233659,0.87557,0.488535,0.500998,1.060879,0.233913,-1.251452,0.474022,0.050802,-0.91597,0.283824,0.700001,-0.000814,-0.272531,0.194368,0.378265,0.474237,0.209679
0.071414,0.094424,-0.054884,-0.052399,0.112245,0.183456,-0.041019,-0.122572,0.145651,0.212213,0.25404,0.073503,0.012674,-0.171532,0.235743,0.061142,-0.153908,0.082094,0.166799,-0.084712,-0.061047,0.056189,0.072939,0.12117,0.124653
1.315585,-0.745273,-0.512227,-0.428658,1.157396,0.457372,0.515662,0.032207,1.356613,1.431444,-0.095237,2.462375,-1.069137,-2.967406,1.011877,-0.088562,-1.776995,1.17182,-0.753133,2.112251,-0.677867,-1.540899,0.430675,0.9975,0.469196
0.156832,0.131219,-0.094314,-0.130774,0.125287,0.047273,-0.074555,-0.060569,0.140341,0.048264,0.24729,-0.007696,-0.099698,-0.211496,0.258727,0.056641,-0.060542,0.118526,-0.037706,-0.135675,-0.030645,0.040071,0.081171,0.121612,0.013745
0.03459,0.071144,-0.04056,-0.036576,0.008896,0.009246,-0.048153,-0.091943,0.073887,0.072372,0.102429,0.016711,-0.02026,-0.0844,0.049818,0.025802,-0.026854,-0.014527,0.030026,-0.011003,-0.004511,0.017649,0.013706,0.043949,0.034179
0.200572,0.155367,-0.087709,-0.084438,0.217147,0.052121,-0.10983,-0.050457,0.227373,0.036063,0.115244,-0.000339,-0.067483,-0.206281,0.184122,0.050129,-0.069706,0.088863,-0.060497,-0.104776,-0.007446,0.036399,0.045326,0.12041,0.036467
0.230346,0.210818,-0.172958,-0.181996,0.207965,0.040575,-0.124337,-0.093473,0.250081,0.035331,0.35223,-0.072655,-0.084627,-0.318267,0.35562,0.099599,-0.104633,0.189699,-0.063582,-0.224664,-0.062079,0.111745,0.19429,0.224218,0.067911
0.270556,0.25949,-0.255325,-0.286855,0.289335,0.049249,-0.197896,-0.071305,0.365176,0.136967,0.457614,-0.086353,-0.061507,-0.354576,0.592721,0.095832,-0.193508,0.205645,-0.108228,-0.327393,-0.085805,0.158081,0.269136,0.326975,0.073311
0.196424,0.140554,-0.131414,-0.213424,0.167645,0.046478,-0.091641,-0.09228,0.228743,0.077295,0.346474,0.032994,-0.104825,-0.279038,0.423541,0.067632,-0.192215,0.176281,-0.022446,-0.159082,-0.058195,0.076502,0.132155,0.190453,0.049314
0.053737,0.018615,-0.021407,-0.043884,0.037263,0.022825,-0.007536,-0.037732,0.036623,0.085251,0.130554,-0.006483,-0.058389,-0.091921,0.130283,0.061422,-0.020825,0.068456,-0.033084,-0.010818,-0.037697,0.006224,0.072717,0.012176,-0.008018
0.283129,0.121779,-0.100098,-0.181996,0.175075,0.011009,-0.193623,-0.205498,0.298933,0.142636,0.320403,0.087988,-0.102782,-0.391999,0.347227,0.05531,-0.177376,0.096212,-0.219889,0.011419,-0.011227,-0.000852,0.211819,0.226278,0.078052
-0.219843,-0.021561,-0.060769,-0.833454,0.512152,-0.204082,-0.371019,-0.007914,0.709615,0.606111,0.219783,1.026616,-0.280594,-0.297713,1.761084,-0.194988,-0.762105,-0.066047,-0.9871,0.242864,-0.269367,-0.411758,0.001762,0.409121,-0.406317
0.230515,0.212738,-0.133698,-0.178005,0.230305,0.065141,-0.120877,-0.047116,0.230993,0.01862,0.292508,0.002126,-0.020521,-0.266224,0.400664,0.051009,-0.123992,0.145866,-0.113185,-0.185646,-0.03323,0.07837,0.127811,0.234831,0.02993
0.332479,0.324921,-0.209997,-0.200883,0.349347,0.03873,-0.226132,-0.103925,0.317537,0.076805,0.353056,-0.064238,-0.132486,-0.319006,0.480853,0.123067,-0.137493,0.187144,-0.176788,-0.275087,-0.010691,0.071682,0.12997,0.20671,0.076099
0.296903,0.282208,-0.263668,-0.261705,0.312207,0.103947,-0.212775,-0.020853,0.328947,0.049357,0.322926,-0.03671,-0.043377,-0.239834,0.517322,0.059752,-0.108754,0.128326,-0.149221,-0.266638,-0.040175,0.04644,0.166324,0.246508,0.026682
0.348767,0.097914,-0.156753,-0.230418,0.046938,0.150863,-0.08844,-0.439721,0.456118,0.361813,0.560255,0.205379,-0.307432,-0.748088,0.504708,0.130707,-0.276553,0.312335,-0.101089,0.228177,-0.151649,0.004488,0.358939,0.280351,0.108398
0.63704,1.022919,-0.587737,-0.554109,1.002736,-0.009338,-0.823929,-0.102692,0.90243,0.104919,0.763013,-0.436952,-0.102598,-0.54949,0.997962,0.306487,-0.12509,0.213194,-0.537515,-1.144401,0.146086,0.456581,0.237462,0.391758,0.157042
0.513467,0.402832,-0.262654,-0.406292,0.518686,0.171205,-0.32931,-0.301782,0.594484,0.193749,0.757002,0.098424,-0.133647,-0.627603,0.992369,0.127253,-0.432805,0.284992,-0.236272,-0.288902,-0.076766,0.147905,0.350696,0.503476,0.095948
0.205269,0.184866,-0.160924,-0.172644,0.227189,0.031509,-0.14608,-0.033305,0.230777,0.037769,0.249925,-0.052334,-0.074717,-0.212172,0.323118,0.059492,-0.100972,0.16178,-0.112142,-0.1941,-0.014313,0.048882,0.090238,0.207271,0.039514
0.980709,0.818193,-0.518743,0.047402,1.276013,0.087047,-0.687688,-0.012584,1.252398,0.447787,-0.093902,0.546851,0.161426,-1.005444,0.943668,0.017528,-0.661016,0.377835,-0.746689,-0.051944,0.172086,-0.388441,0.18677,0.739806,-0.093395
0.273251,0.287972,-0.200638,-0.173813,0.355279,0.016173,-0.254231,-0.049744,0.289553,0.060013,0.271604,-0.081849,-0.103181,-0.245174,0.389564,0.099239,-0.048118,0.17165,-0.187958,-0.263383,0.00294,0.036262,0.148141,0.194004,-0.005114
0.225066,0.154571,-0.096828,-0.120942,0.11424,0.077234,-0.021949,-0.050465,0.155678,0.004342,0.223779,0.005726,-0.08882,-0.25296,0.204303,0.050688,-0.096224,0.169528,0.004552,-0.098633,-0.063908,0.036358,0.083726,0.12377,0.041862
0.810698,0.758428,-0.183058,-0.433405,0.707118,0.432353,-0.312629,-0.200986,0.791664,0.21563,0.775154,0.170902,0.014735,-0.663,1.149177,0.32816,-0.388878,0.321788,-0.076637,-0.445673,0.049842,0.186591,0.440505,0.37609,-0.103907
0.619879,0.459873,-0.438225,-0.364196,0.76686,0.208057,-0.485114,-0.066935,0.792819,0.080738,0.250833,0.018886,0.115851,-0.455318,0.82704,-0.029552,-0.33255,0.184186,-0.399158,-0.283846,0.059331,0.093766,0.192838,0.621715,0.084117
0.167968,0.125481,-0.098312,-0.081122,0.121131,-0.020529,-0.108447,0.005873,0.125765,-0.002019,0.159754,-0.019004,-0.048361,-0.156664,0.140854,0.031756,-0.034529,0.065007,-0.047831,-0.123579,-0.017438,0.013818,0.097728,0.08693,0.013821
0.83679,0.610513,-0.427292,-0.287368,0.579782,0.020911,-0.449893,-0.32804,0.724735,0.061925,0.661721,-0.119214,-0.162284,-0.838809,0.662794,0.193152,-0.269544,0.323141,-0.336378,-0.411303,0.015786,0.231169,0.359491,0.554615,0.205662
0.221701,0.184555,-0.098066,-0.14421,0.12725,0.032485,-0.092093,-0.082137,0.201894,0.034886,0.336031,-0.031989,-0.057338,-0.265155,0.333198,0.063619,-0.108794,0.138365,-0.034357,-0.172497,-0.037703,0.064923,0.154413,0.158663,0.027304
0.400581,0.228608,-0.208614,-0.324218,0.291961,0.048468,-0.181228,-0.176033,0.368088,0.118575,0.413909,-0.016554,-0.263556,-0.461667,0.496754,0.086046,-0.116016,0.33436,-0.176251,-0.063012,-0.073433,0.047807,0.178211,0.281303,0.125781
0.918864,0.684824,-0.259847,-0.366525,0.714568,0.167275,-0.375355,-0.09378,0.664845,0.156813,0.627687,0.059751,-0.178196,-0.785925,0.768203,0.253386,-0.31382,0.407984,-0.405643,-0.327015,-0.028573,0.033616,0.265319,0.420691,0.078297
0.083141,0.119501,-0.074987,-0.071091,0.170836,0.026313,-0.101725,-0.014669,0.155977,0.017175,0.038141,0.010258,-0.029795,-0.09494,0.153116,0.018005,-0.007754,0.061423,-0.066286,-0.083187,0.008117,-0.011054,0.010298,0.087827,0.023527
-0.708697,0.73006,-0.972988,0.56096,-0.54271,1.425109,-0.060983,-1.174602,1.669476,2.333946,0.616326,2.470533,-1.265411,-1.428273,1.483536,0.442054,-1.476752,1.329031,2.297608,0.271381,-0.61159,0.863655,-0.489637,-0.613019,0.802247
0.601248,0.409435,-0.242554,-0.333704,0.402105,0.057424,-0.310531,-0.221569,0.455174,0.111824,0.608135,0.005363,-0.145408,-0.603541,0.722179,0.166693,-0.255412,0.321973,-0.26982,-0.265959,-0.03285,0.037685,0.319548,0.430537,0.098719
1.649649,1.186322,-0.351699,-0.604584,0.458175,-0.411038,-0.541703,0.419575,-0.046689,-0.767073,1.465882,-0.759664,0.072152,-0.238866,1.210079,0.792827,0.065858,-0.096197,-0.128607,-1.605623,0.244755,0.252914,0.284723,-0.110967,0.071573
0.58997,0.53759,-0.367679,-0.360293,0.589794,-0.026811,-0.46727,-0.040497,0.511634,0.134829,0.495675,-0.136473,-0.190523,-0.492502,0.735687,0.211808,-0.111424,0.334436,-0.392444,-0.484854,0.00884,-0.017758,0.206582,0.354877,0.053801
0.725615,0.737856,-0.46252,-0.342563,0.964495,0.246941,-0.589224,-0.042187,0.966517,0.115877,0.341537,0.126907,0.138784,-0.627492,1.026529,0.134509,-0.456517,0.154818,-0.414358,-0.573604,0.016873,0.165983,0.225638,0.619959,0.046759
0.159031,0.199129,-0.153135,-0.157306,0.209863,0.017009,-0.148247,-0.102792,0.189586,0.134869,0.291126,0.021614,-0.109665,-0.174377,0.382139,0.135254,-0.096185,0.156111,-0.098078,-0.191451,-0.033827,0.011598,0.07512,0.138971,-0.013555
0.440704,-0.114406,-0.326501,-0.622211,0.181844,0.089239,-0.144311,-0.565788,0.530105,0.119381,0.826826,0.295121,-0.055595,-0.697182,1.080162,-0.118358,-0.671146,0.230151,-0.658652,0.424728,-0.214344,0.095564,0.578192,0.793103,0.07616
0.175023,0.140478,-0.133179,-0.136424,0.178177,0.023922,-0.156453,-0.041732,0.204017,0.050758,0.178968,-0.056178,-0.02083,-0.133063,0.300594,0.046707,-0.074787,0.090126,-0.114754,-0.163839,-0.002608,0.022694,0.097414,0.153579,0.007165
0.233212,0.155063,-0.109281,-0.087206,0.223686,0.045228,-0.104737,-0.052174,0.204199,0.028568,0.187751,0.004224,-0.00316,-0.189366,0.281692,0.012013,-0.129859,0.101035,-0.091974,-0.140519,-0.021077,0.037076,0.09187,0.184805,0.009202
0.910528,0.762841,-0.204909,-0.247707,0.851927,0.659095,-0.318037,0.147413,1.163217,0.06008,0.372264,0.332247,0.363829,-1.014719,0.832498,0.318144,-0.493367,0.255897,-0.137589,-0.32212,0.062038,0.260336,0.427212,0.593267,0.060206
0.625131,0.467629,-0.307207,-0.335465,0.623636,0.018921,-0.352598,-0.176665,0.514405,0.054693,0.53577,-0.018894,-0.200475,-0.575079,0.753859,0.086136,-0.312837,0.404763,-0.281176,-0.366394,-0.012288,0.06197,0.184251,0.430046,0.093335
0.073738,0.076591,-0.051501,-0.038102,0.134097,0.011406,-0.079298,-0.020633,0.079632,0.010847,0.048514,-0.025232,-0.028452,-0.06616,0.145296,-0.016156,-0.073857,0.084942,-0.062482,-0.07398,0.020608,-0.004483,0.00049,0.108057,-0.017352
0.125309,0.126597,-0.074332,-0.092025,0.118663,0.013713,-0.086554,-0.015061,0.111617,0.011874,0.131556,-0.033964,-0.027879,-0.10936,0.199863,0.039356,-0.042219,0.073267,-0.034942,-0.132449,-0.00016,0.03221,0.040862,0.080618,0.024464
0.17099,0.070697,-0.061356,-0.11313,0.048444,0.082813,-0.004158,-0.045117,0.150145,0.059259,0.186663,0.032103,-0.086398,-0.219089,0.174523,0.034639,-0.07259,0.146401,0.027934,-0.014694,-0.079035,0.027249,0.0535,0.112025,0.068483
1.799369,1.864905,-1.118005,-0.49986,1.66848,0.058041,-0.801991,1.11668,1.012223,-0.160272,0.317085,-0.452555,0.467238,-0.634522,0.921597,0.488975,0.334581,0.162825,-0.234765,-1.837987,0.344587,-0.167788,0.122404,0.298395,0.214771
0.129873,0.107404,-0.10589,-0.105259,0.185662,0.056704,-0.121865,-0.040807,0.197429,0.045479,0.103698,0.021153,0.013188,-0.16055,0.22659,-0.003323,-0.095108,0.097162,-0.090391,-0.093869,-0.019614,0.034302,0.081988,0.160746,0.009688
0.404178,-0.010241,-0.218273,-0.45238,-0.077907,0.314906,0.169853,-0.223795,0.485322,0.236077,0.728188,0.25272,-0.141013,-0.770043,0.713509,0.148476,-0.295072,0.376691,0.129062,0.067148,-0.382173,0.182724,0.478326,0.49557,0.234841
1.037008,1.073956,-0.611452,-0.570116,1.244024,-0.113357,-0.718761,0.320114,0.759108,-0.191215,0.385695,-0.361208,-0.14239,-0.371136,0.957342,0.176452,-0.078345,0.350512,-0.604655,-1.120542,0.2351,0.012702,-0.079966,0.30948,0.050332
0.200986,0.222474,-0.114143,-0.110702,0.189414,-0.014569,-0.157378,-0.059645,0.198104,0.082664,0.233409,-0.019663,-0.051707,-0.212638,0.284772,0.100802,-0.065939,0.101401,-0.10183,-0.196611,-0.001688,0.038017,0.119991,0.119751,0.02141
0.15478,0.1502,-0.120005,-0.144833,0.187472,0.037713,-0.119301,-0.012521,0.195809,-0.019401,0.170807,-0.023998,0.002873,-0.138436,0.304326,0.019572,-0.097338,0.124653,-0.102767,-0.155357,0.003117,0.049719,0.073645,0.133062,-0.030396
0.454169,0.314503,-0.228558,-0.2621,0.364575,-0.000408,-0.265857,-0.177506,0.404367,0.081893,0.498584,-0.068058,-0.21828,-0.521846,0.55903,0.064633,-0.195434,0.359926,-0.192491,-0.214629,-0.053682,0.078145,0.195366,0.323754,0.087249
-1.096054,0.50402,-0.907486,-0.72492,3.138211,0.062686,-2.013095,-1.093714,1.63312,0.086832,-0.500108,0.91525,0.544046,0.122523,3.974139,-1.50605,-1.372987,0.558232,-1.387798,0.319709,1.170885,-0.267021,0.214368,2.118286,-0.994442
0.135737,0.124961,-0.073225,-0.116354,0.133351,0.020233,-0.080363,-0.006297,0.133987,0.014609,0.163286,-0.002209,-0.018049,-0.098215,0.213042,0.057718,-0.069289,0.067662,-0.064428,-0.121888,-0.022493,0.048624,0.05612,0.102598,-0.002539
-0.215715,-0.887047,-0.931549,-1.826745,0.655297,0.744073,0.552795,1.010958,1.592158,0.47995,-0.136468,1.631712,-1.976352,-1.743637,1.350023,-0.722424,-0.02854,2.359625,0.2434,1.154273,-1.248137,-0.382602,-0.260934,1.124147,0.332575
0.591944,0.409778,-0.262345,-0.38781,0.556427,0.104023,-0.25428,-0.234071,0.525969,0.034554,0.626659,0.038764,-0.225693,-0.623914,0.803151,0.138436,-0.326618,0.408957,-0.311171,-0.225201,-0.061292,0.125307,0.208833,0.425123,0.089446
0.30377,0.218513,-0.157211,-0.180281,0.210335,0.070407,-0.138337,-0.097804,0.299969,0.097656,0.328502,-0.017617,-0.095107,-0.317709,0.382575,0.089366,-0.126444,0.173274,-0.094084,-0.158298,-0.0178,0.055003,0.175543,0.203526,0.042956
0.092513,0.099702,-0.013954,-0.036856,0.165373,0.048966,-0.083308,0.003245,0.138533,-0.003189,-0.010517,0.038805,0.013594,-0.064229,0.105032,0.005221,-0.063951,0.067498,-0.06147,-0.04312,0.009463,0.004971,-0.010094,0.096632,0.011018
0.081762,0.150722,-0.085163,-0.149169,0.097933,0.026424,-0.06161,-0.064072,0.082763,0.073719,0.294586,-0.023519,-0.074074,-0.130415,0.295231,0.093414,-0.08877,0.079841,-0.003548,-0.17958,-0.025988,0.056784,0.116684,0.067273,0.007867
0.308497,0.178173,-0.075612,-0.129117,-0.045293,-0.053741,-0.081773,-0.300913,0.080809,0.081206,0.729133,-0.079452,-0.291633,-0.549143,0.341207,0.189699,-0.196531,0.239069,0.07095,-0.233626,-0.127726,0.166294,0.252617,0.209051,0.190653
0.110043,0.096315,-0.072305,-0.055785,0.092872,0.080526,-0.030114,-0.021295,0.138313,0.05184,0.101519,0.057725,-0.076017,-0.126589,0.166938,0.031598,-0.062867,0.123105,0.062434,-0.07734,-0.020827,0.00953,0.026097,0.050304,0.026176
0.628508,0.507605,-0.425448,-0.312687,0.75343,0.111192,-0.400099,-0.002585,0.676541,-0.012894,0.261085,0.071074,-0.034814,-0.608853,0.748015,0.021741,-0.324613,0.403319,-0.339339,-0.346828,-0.016526,0.086643,0.148358,0.555257,0.060833
0.532001,0.411431,-0.288084,-0.310437,0.422873,0.098044,-0.288897,-0.043565,0.484971,0.066704,0.442333,-0.046112,-0.02734,-0.509562,0.605212,0.148656,-0.156452,0.222427,-0.262779,-0.360997,-0.002652,0.080664,0.247322,0.392204,0.066162
0.363367,0.408597,-0.245417,-0.258445,0.518858,0.148328,-0.239189,-0.020284,0.456796,0.067227,0.263101,-0.008684,-0.086421,-0.277734,0.569779,0.041539,-0.16981,0.256774,-0.143611,-0.356089,0.005918,0.065894,0.048633,0.198165,0.080756
0.205255,0.167747,-0.156089,-0.169119,0.196516,0.077022,-0.140823,-0.099329,0.236467,0.120238,0.29492,-0.017604,0.002634,-0.221667,0.376767,0.079261,-0.128613,0.10473,-0.111543,-0.153435,-0.04047,0.045644,0.188096,0.187142,0.034117
0.253509,0.307607,-0.18737,-0.153575,0.341383,0.003782,-0.214935,0.002501,0.208511,0.045467,0.194175,-0.012017,0.015257,-0.127656,0.333717,0.072801,-0.044306,0.104061,-0.162045,-0.321347,0.052003,0.011493,0.099628,0.153699,-0.038088
0.164578,0.097959,-0.117656,-0.161465,0.100627,-0.015111,-0.175714,-0.126669,0.297115,0.110832,0.217895,0.040101,-0.154872,-0.297685,0.33004,0.116973,-0.063746,0.113479,-0.237501,0.059504,-0.000256,0.025888,0.203948,0.190673,0.018822
0.953413,1.105918,-0.920323,-0.278179,1.14587,-0.107843,-0.909528,-0.010868,0.974456,0.129034,0.263298,-0.140654,0.216537,-0.589955,0.741118,0.141877,-0.146208,0.019178,-0.634067,-1.042579,0.241524,0.165433,0.201024,0.715446,0.068837
0.140505,0.150515,-0.082983,-0.053291,0.177268,0.037434,-0.106454,-0.075015,0.171583,0.069361,0.096944,0.043314,0.003546,-0.160557,0.22764,0.028531,-0.088129,0.054027,-0.077117,-0.075472,0.029163,-0.030393,0.095524,0.114573,-0.024132
0.781509,0.508594,-0.456537,-0.476493,0.785711,0.112517,-0.58282,-0.334908,0.969752,0.335336,0.376803,0.312738,0.145055,-0.559014,1.30567,0.093,-0.471766,-0.094511,-1.042804,0.16293,0.170242,-0.211653,0.519456,0.644965,-0.190649
0.492666,-0.031252,0.009913,-0.094992,0.529928,-0.040738,-0.294006,-0.977281,0.421039,0.299234,0.342542,0.890906,-0.645249,-0.938273,0.938281,-0.331753,-0.835763,0.688213,-0.451438,0.590503,-0.073211,-0.345677,-0.177722,0.689068,-0.114723
0.540888,0.462311,-0.27795,-0.301008,0.48039,0.101112,-0.260675,-0.072533,0.49315,0.048013,0.467818,0.012073,-0.081257,-0.500365,0.676083,0.121479,-0.232132,0.257708,-0.205347,-0.368868,-0.030354,0.092148,0.179314,0.353679,0.042624
0.340997,0.558594,-0.498804,-0.480331,0.97329,-0.284841,-0.859065,-0.252305,0.483948,0.290682,0.761177,-0.258178,0.295634,-0.080088,1.581884,0.203494,-0.434852,-0.180903,-0.732854,-0.541022,0.338874,-0.041744,0.520379,0.668214,-0.221688
0.644781,0.468634,-0.750552,-0.550171,0.850046,0.105647,-0.663725,0.009446,0.984964,0.173466,0.27221,-0.196536,-0.136402,-0.413446,1.055055,0.094521,-0.032942,0.427215,-0.647678,-0.363024,0.007401,0.166632,0.146566,0.717619,0.133456
0.122943,0.110464,-0.042042,-0.067586,0.121363,0.024505,-0.091188,-0.044482,0.143608,0.027968,0.131621,0.022379,-0.005535,-0.181242,0.178952,0.045807,-0.080999,0.071825,-0.095261,-0.108444,-0.033834,0.046138,0.056219,0.144735,0.010898
1.675375,1.61353,-0.83612,0.476712,2.342979,0.292425,-0.881872,0.392833,1.771442,-0.587409,-1.169423,0.372485,0.834583,-0.815952,1.04307,-0.66556,-0.808896,0.711469,0.004598,-0.811817,0.331216,-0.07734,0.049784,1.182505,-0.342521
0.264006,0.264973,-0.124503,-0.196338,0.242341,0.301526,0.00051,-0.081759,0.461535,0.225718,0.520702,0.355093,0.088245,-0.53772,0.646262,0.045698,-0.403755,0.129193,0.161787,-0.131767,-0.281666,0.142365,0.376217,0.346483,0.044076
0.184885,0.11423,-0.086226,-0.142689,0.156149,-0.001148,-0.07964,-0.119648,0.137231,-0.009776,0.218061,0.033055,-0.07836,-0.192409,0.233304,0.033946,-0.121746,0.124806,-0.118586,-0.050738,-0.012969,0.0068,0.054162,0.10856,0.022898
0.422996,0.420856,-0.319651,-0.25546,0.644918,0.11879,-0.343481,-0.031501,0.512927,0.055991,0.251302,0.017218,-0.07198,-0.36559,0.689615,0.015246,-0.219804,0.240181,-0.280743,-0.31621,0.042221,0.024965,0.111875,0.383047,0.011329
0.423548,0.138269,-0.140614,-0.391259,0.190166,0.005035,-0.207679,-0.454913,0.371775,0.258309,0.746486,0.24311,-0.398691,-0.632958,0.871176,0.173172,-0.550933,0.328113,-0.253245,0.017185,-0.097964,-0.011799,0.219688,0.34515,0.050814
0.357636,0.305337,-0.18649,-0.230574,0.263697,0.072288,-0.200545,-0.205271,0.31142,0.106614,0.551415,-0.068701,-0.162055,-0.410429,0.503482,0.100725,-0.185191,0.208998,-0.084567,-0.245849,-0.081167,0.105039,0.241895,0.27511,0.105324
0.386223,0.444202,-0.211848,-0.257711,0.347162,0.089644,-0.294576,-0.339759,0.456852,0.120135,0.724095,0.014829,-0.087239,-0.574718,0.671012,0.165512,-0.306698,0.153873,-0.210865,-0.356771,-0.018221,0.239634,0.382998,0.422037,0.013139
0.266263,0.268553,-0.18686,-0.204986,0.303357,0.065917,-0.196547,-0.057825,0.290132,0.047079,0.267929,-0.024536,-0.067201,-0.249705,0.44454,0.074538,-0.139524,0.181462,-0.107811,-0.250881,-0.02196,0.046902,0.103398,0.197677,0.037033
0.272968,0.219084,-0.162021,-0.202186,0.226135,0.049692,-0.129795,-0.103846,0.259733,0.070857,0.298757,-0.002601,-0.062224,-0.268774,0.405104,0.073206,-0.116706,0.134103,-0.126008,-0.164656,-0.010217,0.064239,0.152883,0.190636,0.065699
1.081202,0.881229,-0.323335,-0.132803,1.339645,-0.249819,-1.008861,-0.499923,0.935903,0.01276,0.07498,0.345647,-0.101242,-0.887973,0.834974,-0.14042,-0.500198,0.161443,-1.230548,-0.09811,0.310491,-0.031594,0.02899,0.752968,-0.101573
0.306941,0.21993,-0.186031,-0.210544,0.320222,0.062952,-0.175829,-0.096721,0.313869,0.059427,0.334418,-0.003441,-0.117775,-0.34063,0.467109,0.09251,-0.163279,0.245445,-0.150794,-0.160543,-0.02658,0.068467,0.128522,0.227661,0.048907
0.169887,0.154428,-0.101439,-0.073202,0.237868,0.042956,-0.087808,0.00738,0.213404,0.032127,0.044916,0.025757,-0.017022,-0.151888,0.214528,0.001583,-0.069876,0.131932,-0.085855,-0.101541,0.008472,0.0202,-0.006605,0.15506,0.030554
0.22287,0.288589,-0.1746,-0.130601,0.277394,-0.000559,-0.241613,-0.244591,0.314349,0.174572,0.509722,-0.003887,-0.067783,-0.345068,0.557735,0.128851,-0.26091,0.101908,-0.144284,-0.250185,0.005799,0.103214,0.261343,0.287099,0.01781
0.102175,0.12998,-0.093591,-0.110892,0.114165,0.034101,-0.075719,-0.041128,0.14903,0.035421,0.17315,-0.018263,-0.000142,-0.14241,0.23213,0.034033,-0.063621,0.030003,-0.056586,-0.094219,-0.010115,0.06117,0.106614,0.12198,-0.020565
0.277053,0.264102,-0.132269,-0.185283,0.343205,0.106283,-0.211288,-0.086166,0.311446,0.032782,0.191637,0.027159,-0.044226,-0.202658,0.389352,0.060248,-0.1372,0.083106,-0.130759,-0.198833,0.019407,0.072123,0.02517,0.163937,0.036942
0.521133,0.611132,-0.396565,-0.284921,0.67855,0.044752,-0.442834,-0.065255,0.536167,0.119703,0.352397,0.037458,-0.196375,-0.462432,0.617693,0.12518,-0.110576,0.293301,-0.336378,-0.479471,0.002335,0.028324,0.123665,0.2872,0.046682
0.199545,0.172613,-0.119797,-0.138608,0.201259,0.03867,-0.136696,-0.060431,0.233789,0.061931,0.240368,-0.036608,-0.05651,-0.237251,0.298512,0.039096,-0.103262,0.126445,-0.100868,-0.136962,0.008816,0.052502,0.118926,0.163161,0.012735
0.27979,0.241486,-0.1476,-0.120931,0.270674,0.031661,-0.14616,-0.050216,0.244372,0.057139,0.202804,0.010039,0.005539,-0.228254,0.328015,0.044157,-0.117658,0.122747,-0.12023,-0.152231,0.005439,0.008234,0.103283,0.187692,0.013289
0.301555,0.423754,-0.278072,-0.506318,0.579852,0.006844,-0.367397,-0.236651,0.291726,0.134042,0.823254,-0.003858,-0.327394,-0.278614,1.123482,0.123631,-0.438943,0.523969,-0.187155,-0.61888,-0.055822,0.107908,0.099136,0.300242,-0.058895
0.069741,0.069009,-0.075287,-0.061595,0.05292,0.083414,-0.025873,-0.004702,0.17687,0.072167,0.094906,0.053182,-0.029429,-0.167268,0.144646,-0.004898,-0.06364,0.071695,0.031929,-0.028097,-0.07465,0.055982,0.100039,0.111951,0.055216
0.231176,0.155508,-0.141583,-0.157929,0.205345,0.045959,-0.113126,-0.077149,0.238591,0.057715,0.271018,0.021411,-0.055103,-0.274704,0.354017,0.04673,-0.111598,0.134102,-0.089314,-0.14972,-0.040386,0.037426,0.150749,0.220082,0.012796
0.147279,1.323955,-0.326717,-0.14579,1.556938,0.746964,-0.567351,-0.371141,0.990242,0.772726,0.180589,0.843932,-0.537902,-0.125657,1.46632,-0.039169,-0.515943,0.257688,0.334868,-0.856539,0.01021,0.101026,-0.515775,-0.139764,-0.070232
0.168491,0.118819,-0.098662,-0.104049,0.133741,0.084585,-0.055357,-0.062885,0.199394,0.032824,0.191762,0.013055,-0.06888,-0.203754,0.246459,0.036144,-0.075097,0.148086,-0.030782,-0.120118,-0.057918,0.038176,0.070721,0.135471,0.035648
0.531348,0.18327,-0.001236,-0.235922,-0.22278,-0.155962,-0.19355,-1.059425,0.232783,0.325455,1.338481,0.035298,-0.889311,-1.115587,0.505514,0.378037,-0.285528,0.396099,-0.293253,0.346185,-0.104679,0.124505,0.654526,0.166063,0.297123
0.81793,0.549872,-0.450889,-0.480084,0.580775,0.002523,-0.397985,-0.093426,0.568918,-0.162835,0.54685,-0.133529,-0.139197,-0.459552,0.788897,0.136078,-0.261886,0.436051,-0.497027,-0.461681,-0.018489,0.221532,0.193702,0.523986,0.108518
0.232204,0.134445,-0.137961,-0.139848,0.173422,0.031404,-0.077326,-0.068781,0.220858,0.018171,0.247576,-0.044407,-0.067001,-0.255852,0.260266,0.013678,-0.098922,0.183234,-0.065291,-0.16112,-0.067231,0.045017,0.111435,0.177608,0.082574
0.234394,0.183826,-0.117022,-0.086707,0.20911,0.040853,-0.125358,-0.027532,0.230011,0.000209,0.143097,0.005228,-0.070309,-0.207772,0.232322,0.012033,-0.077613,0.150152,-0.086276,-0.127501,0.007042,-0.006179,0.033323,0.148172,0.04944
0.355831,0.840093,-0.881151,-0.675791,2.105573,0.278369,-1.084933,0.305245,1.427367,-0.137956,-0.452037,0.181735,0.216439,-0.057145,1.537386,-0.142375,-0.163443,0.533525,-1.001915,-0.356176,0.60077,0.242672,-0.363484,0.602147,-0.290697
0.411315,0.479428,-0.236091,-0.267717,0.463274,0.022452,-0.297888,-0.07553,0.37961,0.120868,0.451781,-0.051878,-0.144284,-0.338868,0.620414,0.134964,-0.115472,0.284307,-0.178563,-0.44163,-0.002168,0.071343,0.151928,0.191223,0.035605
1.715832,-1.815838,-0.378395,-0.386229,-1.211924,-0.366648,0.935392,-1.622899,0.402329,0.582291,1.726273,2.378702,-2.014228,-2.524135,0.295107,0.170243,-2.350626,2.053723,-2.12586,2.445305,-0.385263,-1.347489,0.769119,0.44848,1.465384
0.167355,0.133888,-0.07997,-0.223889,0.181857,0.292487,0.024268,-0.124551,0.330148,0.091819,0.278634,0.056735,0.006611,-0.195896,0.354507,0.03323,-0.148441,0.085001,0.026432,-0.021508,-0.034748,0.151547,0.232017,0.195744,0.007718
0.212823,0.10866,-0.094461,-0.141824,0.070764,-0.034589,-0.051342,-0.080888,0.167778,0.074115,0.229787,-0.020429,-0.15786,-0.238776,0.216772,0.090313,-0.081682,0.145768,-0.115922,-0.043493,-0.048335,0.029065,0.09358,0.128652,0.091817
0.263963,0.195254,-0.180794,-0.149726,0.213718,0.081462,-0.119385,-0.112088,0.302063,0.119622,0.321277,0.053682,-0.083893,-0.355302,0.412864,0.041834,-0.162378,0.214763,-0.089027,-0.134746,-0.056177,0.065094,0.14773,0.216659,0.047008
-0.674027,1.267835,-0.254297,-0.777278,2.022105,2.138768,-0.055448,-0.359775,1.772721,1.830514,-0.319077,2.967021,-0.771093,-0.129847,2.485327,-0.504038,-1.26732,-0.165395,1.496877,-0.458657,-0.402474,0.219347,-0.91084,-0.276862,-0.023837
0.621808,0.558353,-0.369396,-0.361132,0.735422,0.076725,-0.44514,-0.155313,0.617687,0.14314,0.540858,0.029663,-0.024257,-0.553804,0.918541,0.140265,-0.260787,0.276733,-0.402474,-0.416078,0.061437,0.042757,0.302682,0.492397,0.038159
0.531529,0.342314,-0.27729,-0.338828,0.493394,0.118954,-0.292969,-0.174319,0.489934,0.074766,0.505322,0.02574,-0.198719,-0.563163,0.716008,0.048255,-0.232123,0.387384,-0.209481,-0.202056,-0.058536,0.070376,0.202921,0.413943,0.106283
0.987226,0.823943,-0.5231,-0.155207,1.782242,0.106375,-1.210647,-0.393777,1.371282,0.183097,-0.402357,0.82074,-0.213128,-0.640326,1.307743,0.010316,-0.86363,-0.095293,-1.365716,-0.02318,0.581551,-0.151283,-0.279589,0.718444,0.028647
0.335847,0.255114,-0.107524,-0.188237,0.250616,0.05878,-0.158445,-0.032134,0.259864,0.019847,0.282589,-0.025762,-0.028577,-0.266461,0.351481,0.086573,-0.146082,0.147988,-0.117669,-0.227413,-0.013729,0.081644,0.146106,0.197385,0.009645
0.51695,0.364808,-0.277588,-0.383176,0.364925,0.116059,-0.176746,-0.226688,0.415416,0.079968,0.676277,0.141457,0.052449,-0.602664,0.989361,0.270386,-0.329319,0.281883,-0.275125,-0.492837,-0.07765,0.089979,0.418637,0.499288,-0.144904
0.091572,0.077115,-0.069404,-0.085354,0.072461,0.090784,-0.012457,-0.032082,0.180682,0.086813,0.142106,0.056891,-0.023221,-0.148335,0.21743,0.036252,-0.090365,0.05676,-0.030504,-0.001622,-0.02607,0.057741,0.075166,0.099364,0.027826
0.374464,0.5487,-0.379618,-0.760111,0.880769,0.170795,-0.744473,0.140068,0.461409,0.780039,0.705174,-0.100631,0.120884,0.332868,1.775258,0.233758,-0.390975,0.025188,-0.256946,-0.907633,0.140404,-0.341418,0.150214,0.45222,-0.267104
0.43651,0.359947,-0.250635,-0.281642,0.379824,0.118138,-0.179261,-0.070623,0.456831,0.057021,0.479234,0.017921,-0.099603,-0.48989,0.652314,0.090625,-0.201853,0.302826,-0.125508,-0.32107,-0.07453,0.119889,0.191592,0.317703,0.083343
0.505071,0.657396,-0.321578,-0.629422,0.873495,0.086869,-0.369625,-0.18418,0.363346,0.140453,0.85632,-0.149215,-0.371732,-0.340262,1.233896,0.099351,-0.450476,0.505591,-0.346381,-0.49454,-0.034702,-0.061057,0.115124,0.272228,0.074886
0.357308,0.417096,-0.191568,-0.226813,0.307051,-0.044321,-0.260231,-0.14562,0.232191,0.077462,0.628422,-0.231942,-0.201621,-0.346276,0.499309,0.26289,-0.062765,0.184383,-0.171903,-0.373569,0.021706,0.107733,0.268441,0.114888,0.09159
1.248003,0.708599,-0.291673,-0.191467,0.740455,-0.028714,-0.49047,-0.236628,0.689165,-0.095181,0.491565,-0.010482,-0.414833,-0.966179,0.578078,0.2522,-0.162675,0.492745,-0.411334,-0.326964,0.182047,-0.047931,0.06227,0.393214,0.37618
-1.057187,0.351291,-0.37897,0.529946,0.664548,0.164387,0.39267,-1.7488,0.292456,1.094467,1.335739,1.687022,1.342228,-1.478631,1.594998,-0.008237,-1.924221,-0.296561,1.378712,0.206696,0.080041,1.041955,0.338122,0.756076,0.162269
0.415996,0.567822,-0.245226,-0.498357,0.336641,-0.129266,-0.259771,-0.29997,0.068938,0.208309,1.313955,-0.311969,-0.572405,-0.450742,1.151531,0.341644,-0.264177,0.68358,0.158783,-0.88889,-0.20543,0.166615,0.287187,0.178639,0.058676
0.070082,0.05922,-0.087119,-0.0996,0.110308,0.06992,-0.044259,-0.032632,0.163193,0.075167,0.133601,0.063733,-0.03575,-0.128033,0.198682,0.012389,-0.088166,0.071331,-0.035958,-0.020644,-0.032971,0.019777,0.04611,0.093027,0.02462
0.49126,0.497017,-0.39753,-0.407399,0.834546,-0.285914,-0.94201,-0.439348,0.622509,0.065296,0.387561,0.182536,-0.098244,-0.544122,1.153179,0.067213,-0.160815,0.078933,-0.953983,-0.085748,0.440342,-0.155846,0.435965,0.748615,-0.230861
0.313334,0.210583,-0.142347,-0.116506,0.245616,-0.007841,-0.178204,-0.054761,0.210293,0.021738,0.233318,-0.032634,-0.021103,-0.203887,0.306053,0.099411,-0.071259,0.084049,-0.232433,-0.167204,0.029971,0.007724,0.139171,0.193936,-0.009335
0.902403,0.194198,-0.398663,-0.343679,0.361207,0.200314,-0.10279,-0.303315,0.584145,-0.288956,0.772688,-0.133013,-0.351362,-0.902741,0.554177,-0.127697,-0.549575,0.701391,-0.276312,-0.064033,-0.216393,0.265366,0.33102,0.729522,0.480389
0.236463,0.070253,-0.100704,-0.112248,-0.058173,0.064144,0.020072,-0.09431,0.239662,0.149785,0.18362,0.034432,-0.249271,-0.374558,0.143975,0.164155,-0.048054,0.276962,0.009961,0.082579,-0.125538,0.064509,0.120029,0.041033,0.152715
0.215952,0.191255,-0.15657,-0.183164,0.19203,0.058808,-0.137963,-0.0632,0.256188,0.089993,0.305739,0.028344,-0.050596,-0.282254,0.39177,0.054285,-0.121127,0.172904,-0.103323,-0.173228,-0.031119,0.064952,0.165188,0.198976,0.025245
0.356847,0.35126,-0.203094,-0.292014,0.298051,0.070481,-0.211442,-0.309495,0.367738,0.224196,0.779108,0.033101,-0.214684,-0.535567,0.804088,0.172376,-0.330238,0.331966,-0.005109,-0.386329,-0.103898,0.130929,0.262036,0.323673,0.061945
0.166046,0.141455,-0.053389,-0.096684,0.143398,-0.001951,-0.097692,-0.043205,0.103587,0.058146,0.198288,-0.00336,-0.053168,-0.136821,0.22674,0.050681,-0.067607,0.054036,-0.060985,-0.12234,-0.008683,-0.016809,0.085337,0.0885,0.004945
0.4795,0.326351,-0.19873,-0.204954,0.311698,0.064331,-0.161806,-0.079427,0.365958,0.083874,0.309912,0.019801,-0.064321,-0.406644,0.415085,0.121361,-0.146259,0.200105,-0.200119,-0.171376,-0.051835,-0.006779,0.1655,0.221957,0.053929
0.554218,0.575228,-0.442937,-0.161124,0.907391,0.063942,-0.604547,-0.091434,0.668854,0.133426,0.086487,0.038441,0.127943,-0.324329,0.733737,0.003032,-0.245107,0.116507,-0.425336,-0.411777,0.217003,-0.059466,0.200983,0.537926,-0.073737
0.233462,0.203189,-0.122292,-0.144025,0.173189,0.026608,-0.08797,-0.090713,0.161066,0.036155,0.325274,-0.016599,-0.120039,-0.235908,0.316631,0.062134,-0.126648,0.200148,-0.040337,-0.172636,-0.083241,0.033278,0.114783,0.135834,0.017311
0.573527,0.350085,-0.276708,-0.360304,0.424139,0.090591,-0.237098,-0.045254,0.438691,0.002879,0.415972,-0.026992,-0.211819,-0.512404,0.539137,0.096606,-0.105615,0.418036,-0.26959,-0.257078,-0.060609,0.029073,0.130294,0.323313,0.138423
0.26357,0.215556,-0.145722,-0.22691,0.225606,0.026699,-0.182699,-0.076671,0.248816,0.073963,0.264347,-0.001072,0.013845,-0.159815,0.464824,0.125386,-0.062776,0.056405,-0.225697,-0.147914,0.067734,0.010281,0.219043,0.156585,-0.061521
0.270378,0.163018,-0.147621,-0.147502,0.242525,0.03701,-0.152717,-0.087043,0.255524,0.039564,0.188512,0.034872,-0.09284,-0.264206,0.333234,0.041085,-0.137666,0.137458,-0.194846,-0.082144,0.000924,-0.017626,0.094697,0.189155,0.021533
0.308511,0.194674,-0.371551,-0.387991,0.276401,0.300138,0.086747,-0.154914,0.598233,-0.142894,0.774518,0.119299,0.008705,-0.929481,0.685152,0.023435,-0.430309,0.539302,-0.121938,-0.262011,-0.283595,0.462913,0.442397,0.721673,0.107875
0.34094,0.281221,-0.210163,-0.445259,0.284344,0.083182,-0.137288,-0.210087,0.309988,0.126229,0.774109,0.095826,-0.379064,-0.495709,0.84939,0.089975,-0.336932,0.55554,0.070662,-0.31075,-0.175369,0.151964,0.188578,0.24447,0.086445
0.602835,0.664806,-0.3109,-0.310912,0.83449,0.182456,-0.421039,-0.153339,0.620987,0.091502,0.406177,-0.039593,-0.254619,-0.423112,0.82284,0.096736,-0.202421,0.417258,-0.222375,-0.473418,0.055802,0.053975,0.03918,0.313391,0.119292
0.473293,0.467293,-0.264411,-0.206964,0.527598,-0.058592,-0.437689,-0.265542,0.427321,0.175603,0.430224,-0.055235,-0.157555,-0.418935,0.660046,0.115762,-0.211367,0.149309,-0.3282,-0.330698,0.087191,0.021869,0.192613,0.346864,0.04437
0.104611,0.378207,-0.631978,-0.587731,0.668142,-0.098479,-0.603943,0.061456,0.825688,0.315303,0.856263,-0.810603,0.057897,-0.22592,1.148086,0.124251,-0.343591,-0.020191,-0.510713,-0.816418,-0.129836,0.418718,0.633463,0.698744,0.367446
0.109587,0.132364,-0.03303,-0.090714,0.08277,-0.001604,-0.082781,-0.025442,0.066523,0.032775,0.134298,-0.003,-0.040617,-0.063329,0.16964,0.065775,-0.026081,0.063125,-0.035866,-0.106338,0.015429,-0.008848,0.06651,0.036522,-0.008696
0.429716,0.489308,-0.350481,-0.174784,0.838083,0.151176,-0.426732,0.007674,0.693335,0.070796,0.062667,0.189698,0.035359,-0.397464,0.772343,-0.081073,-0.308606,0.231404,-0.327575,-0.342922,0.066863,-0.007514,-0.026237,0.436145,-0.071506
0.206151,0.126962,-0.104188,-0.12855,0.194232,0.022495,-0.095408,-0.05466,0.216773,0.047393,0.208366,-0.015965,-0.096671,-0.218714,0.250426,0.051377,-0.103627,0.139759,-0.094203,-0.109802,-0.000807,0.04846,0.076022,0.157014,0.038005
0.256047,0.215746,-0.232655,-0.158302,0.279743,0.053521,-0.245259,-0.068699,0.334896,0.090117,0.244207,0.001637,-0.026147,-0.295089,0.418963,0.057317,-0.112936,0.145406,-0.143455,-0.176359,-0.011294,0.040205,0.183293,0.273076,0.022588
0.201699,0.10656,-0.100377,-0.133099,0.17339,0.040926,-0.120831,-0.011172,0.20342,0.014432,0.153766,-0.002539,-0.051363,-0.188699,0.225992,0.048026,-0.083723,0.132818,-0.140704,-0.102545,-0.004321,0.006353,0.079249,0.122487,0.039455
0.039106,0.034763,0.003231,-0.015066,0.024901,-0.001702,-0.029385,-0.008182,0.018524,0.009342,0.063619,-0.009577,-0.011802,-0.067914,0.048937,0.013797,-0.028864,0.016603,0.016733,-0.001688,-0.022631,0.030216,0.007233,0.027832,0.026292
0.168133,0.152983,-0.095544,-0.090933,0.140673,-0.042603,-0.084263,-0.028213,0.088679,0.025147,0.172692,-0.011015,-0.081269,-0.151636,0.159729,0.033548,-0.01809,0.115636,-0.070157,-0.112645,-0.05518,0.016865,0.039801,0.076113,0.004436
1.02181,-0.052272,-0.111143,-0.460275,0.225658,-0.162489,-0.20661,-0.44821,0.355584,-0.115997,0.722399,0.091421,-0.736606,-0.939571,0.57916,0.094589,-0.445793,0.73255,-0.636092,0.367961,-0.060409,-0.236557,0.167116,0.551169,0.280403
0.222931,0.190347,-0.142304,-0.195646,0.235122,-0.015044,-0.128632,-0.016744,0.17758,-0.007044,0.168531,-0.041761,-0.045258,-0.12129,0.291824,0.022892,-0.088157,0.111689,-0.13606,-0.218405,-0.028422,0.039887,0.061268,0.146928,0.01058
0.244137,0.109914,-0.094008,-0.19255,0.117825,0.064566,-0.081886,-0.134614,0.164111,0.039342,0.327887,-0.005662,-0.163772,-0.294726,0.287705,0.053879,-0.07801,0.224739,-0.045902,-0.116392,-0.061068,0.04136,0.127854,0.15387,0.078533
0.251221,0.128204,-0.134203,-0.170576,0.238969,0.040725,-0.102867,-0.12277,0.255645,0.067013,0.276024,0.004472,-0.110095,-0.309581,0.381301,0.038664,-0.158307,0.210823,-0.120551,-0.114675,-0.049524,0.037374,0.094145,0.205844,0.055919
0.203052,0.207482,-0.114,-0.16125,0.168312,0.075973,-0.11354,-0.127433,0.223556,0.11198,0.396998,0.032624,-0.08886,-0.329315,0.397162,0.097976,-0.138316,0.176171,-0.017201,-0.195675,-0.062594,0.110779,0.188673,0.203939,0.033873
0.310281,0.248379,-0.181926,-0.184254,0.287658,0.044078,-0.179433,-0.066095,0.348945,0.075656,0.316617,0.00205,-0.047125,-0.364792,0.399501,0.085337,-0.086166,0.137584,-0.171623,-0.193074,-0.065879,0.058354,0.23675,0.21827,0.028598
0.309665,0.288461,-0.195785,-0.250753,0.327057,0.184844,-0.235906,-0.167593,0.427159,0.249972,0.368256,0.114897,-0.024588,-0.293494,0.61364,0.081487,-0.223366,0.110159,-0.146583,-0.197854,-0.032853,0.052328,0.178434,0.283116,0.053736
0.149111,0.100688,-0.102713,-0.126239,0.139161,0.014327,-0.10975,-0.076947,0.120145,0.06289,0.18447,-0.021038,-0.000982,-0.087186,0.3013,0.070416,-0.045506,0.006845,-0.124957,-0.116027,0.03411,0.050308,0.119566,0.119172,0.010205
-0.016686,0.178389,0.543962,0.243022,0.45407,0.371837,-0.41936,-1.639044,0.856923,0.770712,0.360699,1.666371,-0.230424,-1.191546,0.775441,-0.072968,-1.29159,0.629285,1.027971,0.138755,0.380131,0.469401,-0.103278,0.208265,-0.011153
0.073761,0.070308,-0.065502,-0.062354,0.110892,0.009687,-0.06127,0.006752,0.108665,0.029081,0.036744,0.030591,0.009286,-0.029295,0.147401,0.012089,-0.044043,0.035892,-0.040374,-0.053846,0.007007,0.016061,0.025635,0.066549,-0.00608
0.167455,0.167526,-0.082492,-0.122588,0.137288,0.022521,-0.112089,-0.051021,0.132549,0.042393,0.224095,0.009345,-0.015577,-0.134046,0.295288,0.065656,-0.068788,0.081237,-0.066467,-0.145465,0.005789,-0.001939,0.100649,0.094063,-0.024687
0.160621,0.085905,-0.080785,-0.143144,0.098849,0.082714,-0.050045,-0.093129,0.17031,0.060498,0.262206,0.035303,-0.035887,-0.196823,0.275996,0.045056,-0.091748,0.074417,-0.045543,-0.052954,-0.031368,0.043814,0.13592,0.104186,0.013424
0.21374,0.197115,-0.177096,-0.223337,0.204812,0.071166,-0.159902,-0.084779,0.337681,0.098147,0.313718,-0.030215,-0.079111,-0.299437,0.376088,0.078575,-0.094339,0.139533,-0.12491,-0.109736,-0.043177,0.102738,0.215384,0.24368,0.112018
0.228118,0.424182,-0.239745,-0.251486,0.510725,0.170291,-0.213276,-0.049783,0.406161,0.152958,0.458608,0.025645,-0.052155,-0.273665,0.733387,0.068049,-0.24576,0.259675,-0.066427,-0.436883,-0.104267,0.157069,0.12314,0.266063,0.033526
0.585317,0.543591,-0.319328,-0.279119,0.698321,0.103982,-0.390622,-0.122875,0.534007,0.072182,0.305163,0.034628,-0.259704,-0.48898,0.67383,0.055534,-0.136084,0.372751,-0.27421,-0.337977,-0.004811,-0.004795,-0.00606,0.291043,0.065229
0.577274,0.589429,-0.271266,-0.391389,0.318739,0.27479,-0.057215,-0.192762,0.423913,0.144269,0.838049,0.010879,-0.34183,-0.665628,0.738614,0.23843,-0.192931,0.517753,0.187675,-0.543402,-0.191688,0.16497,0.170406,0.19334,0.070514
1.195845,0.03259,-0.744269,-1.149373,0.303334,0.070765,-0.512572,-0.023641,1.051617,-0.260604,0.705347,-0.894212,0.151486,-0.073796,0.884125,0.152105,0.078275,-0.229885,-1.768378,0.21132,-0.009132,0.116072,0.855062,0.94697,0.374702
0.787941,0.671845,-0.387628,-0.431754,1.084819,0.173067,-0.545674,-0.105997,0.705771,-0.190888,0.448772,-0.092585,-0.089214,-0.459567,0.963365,0.088589,-0.411348,0.411682,-0.509262,-0.483655,0.201062,0.135055,0.069503,0.516571,-0.005597
1.045162,1.415605,-0.661535,-0.364367,1.737655,0.560723,-0.801377,0.584845,1.474394,-0.447886,-0.255278,0.268231,0.279473,-0.768221,0.895333,-0.104434,-0.237785,0.562829,-0.379377,-1.080583,0.31817,0.406776,-0.376538,0.483329,0.002432
0.724689,0.618988,-0.345891,-0.245429,0.625349,-0.020437,-0.444839,-0.237545,0.683832,0.094053,0.456552,0.02967,-0.161428,-0.682648,0.643142,0.102969,-0.170022,0.361698,-0.342795,-0.351645,0.063363,0.09315,0.24203,0.450438,0.028978
0.213121,0.230826,-0.182341,-0.24195,0.234622,0.078653,-0.097174,-0.068432,0.284003,0.106199,0.442075,-0.006428,-0.036995,-0.34735,0.546779,0.047169,-0.19866,0.143004,-0.187948,-0.193461,-0.068275,0.047853,0.251345,0.266695,-0.048209
0.8226,0.231214,0.035628,-0.436567,0.375381,-0.076198,-0.294291,-0.701185,0.09736,-0.156721,0.897887,-0.105578,-0.56094,-0.524338,0.799781,0.069859,-0.38675,0.465279,-0.268814,-0.114329,0.019764,0.040292,0.089308,0.430502,0.174076
0.584127,0.43367,-0.00618,-0.213706,0.224306,-0.177623,-0.167197,-0.621534,0.413101,0.114647,0.934474,0.724159,-0.389026,-1.398695,0.65361,0.129343,-0.619098,0.799918,-0.2362,-0.189463,-0.11006,0.242306,0.42019,0.475208,-0.218721
0.265012,0.214245,-0.150482,-0.094707,0.219274,0.026725,-0.129739,-0.034569,0.255156,0.017734,0.127221,-0.011859,-0.057007,-0.205667,0.224195,0.060825,-0.050728,0.121315,-0.145734,-0.130905,0.042114,0.007242,0.089005,0.127467,0.035379
0.363388,0.352166,-0.279363,-0.314208,0.410947,0.137885,-0.235557,-0.014127,0.449041,0.06525,0.345317,0.004363,0.042234,-0.304228,0.649474,0.087174,-0.205776,0.199969,-0.202795,-0.38341,-0.072944,0.129801,0.16265,0.362918,0.02111
0.415959,0.480703,-0.385783,-0.365994,0.689473,0.045775,-0.484312,-0.049273,0.599447,0.291888,0.385674,-0.084086,0.115205,-0.2166,1.012859,0.163525,-0.318779,0.093141,-0.485369,-0.4703,0.09575,-0.013453,0.380454,0.478922,-0.102375
0.13111,0.131577,-0.102504,-0.071983,0.126523,0.034181,-0.119694,-0.101023,0.139389,0.04409,0.163906,0.042066,-0.062023,-0.166092,0.210142,0.061432,-0.084456,0.091675,-0.131656,-0.1066,0.006204,0.014556,0.057622,0.122213,-0.00283
0.558354,0.504202,-0.424974,-0.49311,0.676034,0.243411,-0.147557,-0.5029,0.791314,0.224245,0.949971,0.245078,0.190403,-0.88119,1.389494,0.162366,-0.694734,0.334622,-0.014948,-0.288672,-0.093856,0.360368,0.362985,0.677821,0.037354
0.094505,0.097483,-0.087254,-0.082662,0.108897,0.054642,-0.07777,-0.01477,0.140456,0.031795,0.09485,0.038985,-0.008937,-0.111704,0.163132,0.018774,-0.05915,0.048505,-0.053612,-0.045114,0.004299,0.026369,0.042252,0.110144,0.01459
0.359014,0.26486,-0.17625,-0.223115,0.398293,0.031674,-0.235229,-0.097566,0.30222,0.00848,0.326814,0.00361,-0.191244,-0.249612,0.503853,0.060638,-0.161413,0.196213,-0.188428,-0.205855,0.029626,0.03755,0.02942,0.191074,0.051823
0.129619,0.091412,-0.078107,-0.075705,0.096953,0.028507,-0.037185,-0.06289,0.142013,0.041278,0.186142,0.027871,-0.068748,-0.209591,0.164049,0.064484,-0.061344,0.108108,-0.017045,-0.060214,-0.02295,0.039546,0.068753,0.104115,0.042702
0.370799,0.329852,-0.222283,-0.228311,0.33878,0.030805,-0.20482,-0.025472,0.29027,0.021976,0.380384,-0.071071,-0.061893,-0.305949,0.490589,0.128542,-0.111879,0.19661,-0.150098,-0.283372,0.010959,0.059314,0.180046,0.245357,0.052006
0.221052,0.181441,-0.13769,-0.12458,0.265609,0.087324,-0.114143,-0.122699,0.310901,0.185344,0.218591,0.089776,-0.053199,-0.311379,0.332326,0.033876,-0.17561,0.102763,-0.150911,-0.052192,-0.060603,0.004485,0.112536,0.21136,0.022243
0.629569,0.810854,-0.507491,-0.036357,1.252756,0.197339,-0.664581,-0.253843,1.026036,0.596965,0.238723,0.586124,0.070996,-0.852793,1.237986,0.013995,-0.778111,0.36492,-0.334933,-0.352132,0.112878,-0.247657,0.221241,0.698081,-0.131239