.199,.013,.153,.179,.009,.000,.205,.052,-.120,.024,-.028,-.257,-.077,.067,.095,.191,-.023,.030,.060,-.177,.006,-.156,-.002,.064,.020
-.593,-.257,-.054,.103,.035,.011,.135,-.046,.114,-.096,-.058,.097,.095,.129,-.058,.024,-.140,-.053,-.053,-.025,-.015,-.063,-.037,.021,.046
-.549,-.300,.187,.013,.113,-.213,.040,-.102,.087,.183,.039,-.053,.018,-.001,-.094,-.106,.019,.085,.048,.070,.040,-.021,-.046,-.103,.027
-.723,.107,.073,.134,.107,.104,-.088,-.035,.130,.061,-.066,-.021,.107,.020,-.008,.013,-.034,.103,-.101,-.097,.033,.058,.011,.000,-.079
.458,.213,.004,-.124,-.086,.013,.133,-.004,-.211,-.069,-.045,-.055,.114,.066,-.033,.003,-.016,.025,-.130,.012,.017,-.053,.090,-.060,-.012
.387,.230,.116,.140,.161,-.047,-.023,.090,-.203,-.009,-.237,-.062,.031,-.014,.128,-.082,-.110,.014,.028,-.110,-.034,-.014,-.009,-.198,-.049
.444,.192,-.015,-.014,-.135,-.161,.008,-.109,-.128,-.080,-.110,.088,-.155,-.028,-.023,.066,-.175,.010,-.001,.107,-.077,.079,-.110,.071,-.044
.639,.029,-.066,-.015,.112,-.040,-.133,-.119,.098,-.044,.071,-.155,.013,.095,-.090,-.038,.021,.143,.017,.042,-.002,-.005,.000,.104,.062
-.552,-.152,-.026,.245,-.016,.069,-.007,.050,.127,.083,.136,-.060,-.021,-.005,.007,.057,-.019,-.061,-.134,-.060,-.021,-.068,.044,-.068,-.028
.176,.161,.213,.211,-.222,.147,-.065,.099,-.117,-.081,-.028,.026,-.086,.018,.143,.157,.047,-.078,-.186,.068,-.009,.243,-.194,-.062,-.004
-.397,.029,.084,-.284,.038,.064,.180,-.107,-.136,.123,.054,.079,-.081,.095,-.096,.044,.195,.004,.192,.036,-.114,-.035,-.096,.071,-.031
-.682,.243,.279,-.151,.076,-.008,.154,-.045,-.063,.060,.089,-.054,.030,-.002,-.028,-.031,.016,-.011,.055,.010,.047,-.017,.075,-.007,.025
-.054,-.171,-.007,.047,-.113,.097,.014,-.032,.071,.214,.183,-.043,-.025,-.032,-.028,.038,-.063,-.092,.026,-.080,-.020,.008,-.091,.207,-.145
.373,.475,.086,.153,-.122,-.044,.011,.187,-.172,-.103,.219,.080,-.046,.021,-.027,-.010,.027,.084,-.006,-.036,-.060,-.019,.039,.059,-.035
.205,-.037,.201,-.147,-.015,.067,-.127,.037,-.136,-.073,.142,.024,-.147,.023,-.068,-.015,.163,.145,.062,.057,.066,-.051,.201,.027,-.020
-.699,.267,-.045,-.141,.117,-.062,-.090,-.021,-.029,-.051,-.005,-.091,.018,-.022,-.083,-.009,-.059,-.085,.038,-.006,-.017,-.047,-.003,-.010,-.053
.578,.302,-.161,.042,-.009,.046,.017,.066,.023,-.073,.005,.013,.036,-.079,-.098,-.010,.017,.090,-.056,-.003,-.040,.082,-.063,.019,-.024
.608,-.150,.029,.088,.102,.230,-.075,-.100,.017,-.003,-.004,-.086,-.184,-.146,.050,.014,-.070,-.152,.012,.054,-.069,-.004,.005,.088,.039
.414,.056,-.017,.018,.047,.024,.087,-.090,.080,.180,-.048,-.095,-.112,-.053,.168,.080,-.016,.107,.029,-.007,.096,-.060,.160,-.089,.020
-.417,.138,.188,.146,-.021,.052,-.001,.238,-.166,-.132,.014,.090,-.050,.131,-.013,.125,.125,-.064,.168,-.005,.062,-.005,-.030,-.013,.019
.268,.211,.307,-.053,-.069,.015,-.063,.010,-.126,.017,-.010,-.035,-.022,.123,-.161,.071,.027,.098,.030,-.070,.079,.093,-.130,-.118,.148
.113,-.263,-.168,.160,-.134,.095,-.166,-.073,.055,.155,.023,.169,-.016,.100,-.060,.041,.077,.008,.141,-.045,-.066,-.018,.087,.092,.040
-.427,-.281,-.227,.177,-.197,-.117,.082,.136,.026,-.019,.059,.092,-.052,-.024,-.037,-.021,-.154,-.022,-.096,-.072,-.051,-.012,-.019,.009,-.014
.241,-.164,.174,.208,.245,-.038,-.109,-.151,-.042,-.178,-.214,-.099,-.046,.123,.108,.135,-.013,-.030,.031,-.007,-.043,.104,-.080,.081,-.045
-.520,.240,-.074,-.277,-.064,.146,-.031,-.012,-.080,-.070,-.002,.117,.070,.029,-.097,-.010,.096,-.033,.027,-.025,.051,.083,.032,.039,.023
.253,.183,-.294,-.078,.050,-.134,.168,-.124,-.025,.066,-.027,.094,.081,.035,.030,-.056,.079,-.066,-.156,-.098,.011,.054,-.071,-.065,.032
-.650,-.011,.129,.242,-.102,.150,.041,-.079,.006,.075,.091,.007,.042,-.019,.062,-.022,.037,.043,.009,.038,.012,-.060,.023,-.108,-.022
-.489,.271,.309,-.210,.015,.144,-.081,-.045,.007,-.042,-.066,-.099,-.001,.048,.016,.079,.018,-.126,-.071,.048,-.040,-.051,.108,.018,-.007
-.454,.267,.365,-.014,.051,.019,-.182,-.035,-.196,.062,-.054,-.034,-.014,-.082,-.114,-.006,-.081,.055,.036,-.023,-.015,.013,.007,-.064,-.025
.481,.414,-.013,.100,.039,.007,.160,.106,.065,.056,-.047,-.050,.117,.084,-.003,.049,.015,-.079,.047,.062,.072,-.025,-.057,-.029,.050
-.598,.002,.206,-.181,-.129,-.028,.010,.086,-.011,.173,-.076,.032,-.062,-.108,-.079,-.022,.038,.060,.084,-.124,.010,.037,-.033,.040,.094
-.677,.143,.005,.041,.111,-.087,.101,.000,-.021,.057,.101,-.147,.048,.036,-.112,-.109,-.072,-.010,-.009,-.040,-.128,-.055,-.011,.049,-.040
.397,.059,-.068,-.092,.156,.043,.022,.155,-.180,.136,-.172,-.106,-.057,.055,.004,-.099,-.071,-.006,.023,-.180,.025,-.163,-.066,.082,-.036
-.509,-.050,.206,-.059,-.158,.134,.080,-.035,-.010,-.042,-.062,.108,-.006,.110,.114,-.157,-.078,.055,.065,.092,.034,.013,-.021,-.086,-.098
-.684,.127,.277,-.141,.100,.058,.045,-.116,.108,.019,-.122,.018,.050,.040,-.008,-.049,.046,.064,-.087,.003,-.054,-.022,.010,-.007,-.031
.548,.187,-.058,-.059,.045,.119,-.052,-.055,-.033,.011,-.031,-.009,.081,.121,.164,.087,.160,.142,.085,-.132,.053,.047,.044,.020,.000
.605,.155,.027,.107,.035,.111,.017,-.104,.048,.004,.066,-.019,-.020,.032,.001,-.062,-.143,-.021,.048,-.009,.171,.038,.114,.021,.085
.101,.065,.034,.162,.027,-.179,-.041,-.008,-.109,.093,.067,.084,-.160,.063,-.146,-.110,.089,-.266,-.149,.147,.101,.044,.007,.046,.002
.590,.242,-.130,-.102,-.122,-.088,.106,-.074,-.014,-.022,-.074,.116,.017,.227,-.039,.003,.000,-.034,.133,.010,.018,-.024,-.033,-.037,.117
-.192,.188,.316,.036,.128,-.187,-.279,-.053,-.030,-.103,-.106,-.035,-.003,-.058,.066,-.062,.102,.019,-.015,-.036,.031,-.082,.003,.076,.033
.004,.152,.255,.127,-.053,.102,.084,.013,-.134,-.138,-.072,-.014,-.095,-.129,-.050,-.036,-.017,.177,.019,-.043,-.145,-.071,.038,.138,.042
.544,.024,-.218,-.052,.056,-.079,.053,.059,-.096,-.040,.004,.001,.000,-.109,.022,.101,.155,.049,.046,.027,.202,.061,.020,.039,.132
.033,-.403,-.029,.017,-.175,-.072,-.178,.050,-.045,.149,-.023,.145,.058,.048,-.054,.105,-.176,.135,-.057,.020,-.084,.005,.148,.023,.093
-.789,.018,-.002,.006,-.003,-.028,.025,.056,.018,-.104,-.018,-.046,.007,.019,-.023,.151,-.056,.041,-.128,-.022,.188,-.194,.137,-.200,.051
.433,-.239,.043,.033,-.139,-.014,.132,-.097,-.069,-.068,.112,-.093,.249,.204,.043,.123,.030,-.128,-.034,-.124,-.042,.049,.111,-.007,-.089
-.146,.372,.190,-.246,-.146,-.039,-.273,-.018,.066,.026,-.131,-.099,.080,.155,-.138,.038,.072,-.165,.020,-.031,-.057,.019,.075,-.024,.048
.134,-.440,.027,-.169,-.102,.086,-.094,-.138,.008,.027,.102,-.025,-.190,-.045,.043,.092,.013,.092,.088,-.069,-.106,.042,-.154,-.187,-.002
.406,-.312,-.055,.205,-.060,.075,.214,-.099,.006,-.056,-.025,-.018,-.032,.059,-.077,-.134,.124,.019,.024,-.063,.076,-.001,.021,.048,-.055
.286,-.185,.019,-.045,.056,.151,.027,-.024,.005,-.266,-.256,-.053,.065,-.155,-.023,.095,.002,-.149,-.178,.073,.079,-.137,-.021,.055,-.035
.288,.181,-.058,.160,-.132,.015,.193,-.060,-.113,.107,.134,.161,-.145,.240,.062,-.005,.008,.023,.146,-.107,.001,-.075,.085,.039,-.157
-.186,-.065,.097,.026,-.106,-.032,.101,.139,.257,-.144,.013,.086,.157,-.043,-.012,-.033,-.053,.067,-.183,-.085,.031,-.116,.195,-.195,-.077
.479,.122,-.052,-.158,-.076,.059,.024,-.001,.086,.195,.062,-.097,-.086,-.019,.058,-.283,.072,-.041,-.054,.122,-.004,.046,.036,-.079,-.067
-.593,-.355,.057,-.027,.067,-.054,-.154,.220,-.053,.004,-.212,-.053,-.004,.072,-.064,-.003,.223,.056,-.052,.071,-.022,-.002,-.049,.026,-.003
-.581,-.408,-.115,-.030,-.072,-.055,-.049,.096,.152,.102,.010,-.074,.013,.014,-.007,.054,.068,-.100,.012,-.061,-.049,.057,.052,.010,.051
.098,.061,.147,.134,-.333,-.013,-.021,-.109,-.006,-.174,.167,-.007,.195,-.002,.071,.153,-.049,-.092,.173,-.119,.106,-.122,-.035,.025,-.053
-.730,.311,-.051,-.067,.127,.026,.047,-.105,-.049,-.115,.051,.029,.060,-.064,-.034,.047,.020,-.029,.009,-.030,.045,.065,-.018,.009,-.041
.246,.126,-.106,.121,.167,.069,-.042,-.068,.127,-.181,.157,-.056,-.107,.014,.097,-.113,.034,-.145,-.157,.140,-.072,-.127,.025,-.139,-.008
-.205,-.002,.107,.170,-.271,-.118,.070,-.040,-.071,-.175,-.114,.037,-.141,.077,-.101,-.033,.028,-.165,.031,-.005,-.101,.077,-.029,.003,.035
.058,.313,.050,.002,-.064,.007,.204,.185,.024,.042,-.002,.011,-.067,.101,-.075,-.069,.026,-.024,.051,.038,.167,.083,.063,.161,-.073
-.690,.224,-.102,.060,.025,.103,-.010,-.044,-.003,.075,-.013,-.080,.069,.009,.124,-.054,.044,.074,.008,-.014,-.107,-.047,-.024,.014,-.029
-.756,.182,-.160,-.076,.099,-.027,.003,-.162,.009,-.038,.041,.007,-.007,-.036,.021,-.036,-.097,-.090,.083,-.051,.038,-.011,.005,.011,.011
-.714,.096,-.206,.067,.080,.082,-.075,-.130,-.028,-.069,-.055,.009,-.074,-.017,.028,-.076,.002,-.039,.002,.037,-.016,-.074,-.013,.045,-.012
-.746,.155,-.135,.156,.063,-.111,.055,-.010,-.196,-.163,.075,.038,-.019,.005,-.019,-.049,.035,.076,.035,.015,.003,-.011,-.038,.005,-.005
-.287,.148,-.192,-.261,-.334,.019,-.174,-.121,.061,.164,-.046,-.154,.080,-.045,.028,-.145,.006,-.008,-.091,-.126,.093,.077,-.030,.055,.029
.155,.230,-.162,-.220,.123,-.126,.137,.078,.220,-.057,.139,.114,-.117,.086,.040,-.234,-.090,-.019,.004,-.055,-.024,.138,-.095,.023,.125
.374,.065,.037,-.343,.053,-.111,-.126,.110,-.010,-.244,.028,.122,.076,-.055,.000,.024,-.066,.208,.079,.001,-.102,.068,-.038,-.009,-.011
-.644,-.133,-.155,.253,-.175,.023,-.082,.077,-.022,-.037,-.092,.015,-.029,.056,-.073,.008,.076,.056,-.087,.017,-.054,.033,-.049,.014,-.024
-.230,-.100,-.192,-.034,-.190,-.115,-.095,.017,-.064,.022,.026,.081,.016,.130,.141,.191,-.082,.010,.005,.034,.084,.170,-.020,-.012,.064
-.537,-.205,.170,.037,.018,.162,.023,-.075,.061,.132,-.154,.160,.008,-.106,-.102,.037,-.041,-.162,.070,.042,-.102,.135,-.053,-.118,-.130
-.563,-.213,-.077,.047,-.044,.001,.049,.105,.015,.063,-.022,-.057,.043,.112,.078,.041,-.023,.096,.055,.090,.114,.055,.023,.009,-.010
-.010,.067,-.054,-.067,.110,.003,.126,.012,-.087,-.067,-.123,-.050,-.234,.019,.229,-.224,-.130,.055,-.125,.077,-.017,.020,-.003,.116,.031
-.103,-.035,.106,-.006,-.116,-.234,.230,.091,.022,.020,-.008,-.076,-.118,.239,-.119,-.145,.100,.133,.163,-.113,-.066,-.050,.087,.018,.086
-.139,-.235,-.037,-.012,-.110,.035,-.188,.064,.039,.020,.024,-.056,.073,-.031,-.005,.167,-.166,-.032,.036,.231,.060,.003,-.031,.169,.083
.371,.122,-.017,-.091,.017,-.031,.180,-.128,.036,.207,-.039,-.051,-.027,.052,-.083,-.042,-.148,.116,.191,.037,.051,.096,.012,.163,-.015
-.639,-.136,.104,.084,-.037,.092,.130,-.087,-.119,-.205,.009,.020,-.251,-.066,.018,-.055,.091,.115,.016,.013,-.082,.101,-.018,-.024,.009
.052,.095,.172,.045,-.194,.064,.060,-.142,-.081,.010,-.001,-.365,-.018,.013,-.033,.009,-.143,-.063,.092,.160,.082,-.022,-.113,-.073,.131
.483,.123,-.101,-.193,-.226,.007,.127,-.140,-.049,.011,-.068,-.074,.203,-.021,-.027,.088,-.066,-.080,.059,.007,.035,.000,-.134,-.109,.007
-.616,-.075,-.127,-.074,.026,.204,-.029,.043,.098,-.012,-.073,-.039,-.145,.013,.033,.011,.209,.053,.037,.030,.072,.084,-.003,-.027,.070
-.353,-.322,-.071,.030,-.309,.090,-.121,.202,.045,.077,-.153,.177,-.005,.004,-.067,-.063,.171,-.051,-.044,-.050,-.029,-.074,.026,-.003,.024
.231,.051,-.057,-.146,-.247,.087,.145,.029,.182,-.074,.039,.014,-.164,-.019,.140,-.039,.037,-.293,.018,.016,-.102,-.005,-.036,-.052,-.003
.505,.398,-.064,-.112,.162,.136,.091,.143,-.021,-.040,-.052,-.016,.041,-.102,-.054,.118,.126,-.036,-.092,.040,-.005,.125,.006,.056,-.006
.283,.315,.020,.092,.043,-.040,-.173,.098,.013,.282,.047,-.032,-.107,-.148,.148,.026,.108,-.148,-.075,-.077,.067,-.027,-.083,.102,-.067
-.488,.103,.232,-.062,-.180,-.125,.173,.000,.196,-.095,-.138,-.134,-.021,.005,-.045,.015,-.008,.013,.022,.040,-.034,.001,.044,.080,.034
-.653,.124,-.056,.139,.298,-.072,.043,-.017,-.166,.043,.066,-.035,.157,.097,-.090,.014,.065,.046,.037,-.034,-.045,-.016,-.063,.043,-.006
.349,-.087,-.063,-.082,.050,.068,.221,-.004,.178,-.069,.041,.133,.122,-.030,-.001,.124,-.073,.010,.119,-.192,-.113,.072,-.109,-.024,-.079
.566,.125,.133,.101,.044,-.009,-.050,.126,.099,.013,.006,.153,-.182,.031,-.131,-.054,-.139,-.065,.123,-.029,.098,.177,-.051,-.057,.007
.661,.109,.118,.009,.087,.122,-.249,.106,-.032,-.155,-.034,.079,.100,-.097,.009,-.052,.004,-.212,-.048,.065,.060,.032,.023,.016,.005
-.699,.263,.045,-.076,.020,-.062,.041,-.061,.073,-.075,.061,.099,-.014,-.005,-.001,.069,-.016,-.065,-.001,.046,-.041,-.012,.051,-.041,-.047
-.037,-.398,-.108,-.028,-.034,-.030,-.185,.113,.054,.045,-.195,.122,-.083,.071,-.077,.068,-.049,.008,-.062,.153,.017,-.081,-.080,.117,-.066
.318,.114,.097,.025,.054,-.107,.073,-.063,.006,-.020,.051,.153,.067,.020,-.115,.025,.265,.025,.196,.016,-.003,-.008,.010,.003,-.156
.419,-.149,.130,.122,.175,.070,-.080,-.085,.074,.019,.030,-.040,-.196,.079,.051,-.057,-.053,.038,-.113,-.081,-.034,-.132,-.017,.107,-.106
.336,.098,.161,.007,-.135,-.159,.118,.051,.092,.119,-.056,.216,.046,-.159,.126,-.068,.136,.094,-.139,.222,.049,-.109,.138,-.039,.106
.403,-.318,.060,.067,.179,-.062,.086,-.120,.167,-.072,.098,.149,-.156,-.003,.033,.067,.081,-.053,.061,-.082,-.068,.031,.021,.021,.000
.492,-.201,.002,.105,.127,-.009,-.122,-.081,-.275,-.020,-.037,-.140,-.036,.087,-.003,-.082,-.028,-.069,-.120,.001,-.101,-.008,-.035,.019,.057
-.396,-.019,.058,-.002,.031,-.036,-.196,.097,-.035,-.118,-.012,-.182,.121,.368,.008,.087,.171,.138,-.104,.062,.024,.026,-.019,-.010,-.063
-.793,.088,-.101,.010,-.062,.056,-.027,.045,.037,.026,-.004,.035,-.154,.084,-.025,-.087,-.031,-.044,.130,.220,.149,.009,-.053,-.073,-.042
.495,-.389,-.054,.001,-.054,.102,-.085,-.163,.157,-.103,.040,.036,.090,.037,-.101,-.088,.147,.041,-.103,-.009,-.118,.016,.025,.040,-.002
.353,.200,-.103,-.105,.099,.169,-.072,.011,.115,-.086,-.149,-.073,-.136,.075,-.180,.045,-.151,.004,.026,.057,.062,.124,-.011,.077,-.045
.521,-.253,.044,-.046,.060,-.073,-.080,-.154,-.050,-.040,.150,.136,-.007,.042,-.002,.003,.062,.053,-.024,.071,-.065,.054,.005,-.100,.024
.575,-.285,-.039,-.020,-.082,.123,.091,.059,.089,-.022,.101,-.084,.036,-.067,.111,-.017,.004,-.068,.059,-.144,-.058,-.110,-.063,.033,.098
.553,-.316,.097,-.113,-.064,.005,-.006,-.067,-.064,.169,.204,.052,.059,.071,-.059,.040,-.094,-.068,.018,.003,.102,-.098,.032,-.083,-.036
.193,-.303,-.076,.242,-.175,.011,.053,-.046,.117,.058,-.096,.159,-.113,-.046,.017,.072,-.032,.050,.068,.052,-.016,.045,.069,.043,-.121
.373,-.172,.008,-.127,.272,-.051,.004,.103,-.140,.023,-.018,-.079,-.141,-.065,-.162,.055,.034,.105,.050,-.161,-.002,.004,-.178,.078,.007
-.469,-.075,-.036,-.037,-.014,.178,.333,.022,-.115,-.040,-.052,.159,-.035,.037,.027,.047,-.032,-.117,-.122,-.021,-.046,.064,.015,-.072,-.001
.541,-.025,.139,.030,-.023,-.023,-.108,-.123,.115,.125,.122,.151,.131,-.090,.168,-.052,.182,-.049,-.024,.015,.046,-.127,-.101,.120,-.021
.459,-.286,.018,.005,.097,.031,.110,.008,-.016,-.076,.000,.018,-.020,.212,.102,.014,-.046,.085,.034,-.006,.077,.041,.010,-.001,.026
.443,-.062,.044,.015,.141,-.224,-.071,-.078,.234,.017,-.078,-.104,.027,-.090,-.101,.073,.029,-.050,.001,.034,.106,-.026,.145,.048,-.072
.227,.041,.186,-.104,-.136,-.061,-.101,-.079,-.343,-.030,-.048,.109,-.161,-.089,.107,-.138,-.074,-.249,-.081,.064,-.029,-.093,.039,-.023,-.063
.450,-.042,-.016,.226,.192,-.117,.115,-.009,-.041,-.062,-.170,-.073,-.043,-.109,.085,-.088,.029,-.092,.060,-.105,-.047,.127,.060,-.054,.017
.409,-.216,.058,-.081,.119,.046,.035,.008,-.024,-.074,-.139,.139,.080,.113,.024,-.056,-.034,.041,.021,.005,.037,-.114,-.033,-.065,.060
.371,-.169,-.103,.122,.093,-.112,-.028,.083,-.114,-.111,-.109,-.041,.122,-.101,-.002,-.025,-.107,-.286,.158,-.113,.037,-.072,-.046,-.067,-.076
.429,.033,.004,-.029,.037,-.017,.120,.187,-.205,.086,.053,.032,.145,-.125,.010,.101,-.078,.011,.021,-.045,-.024,-.173,.046,-.047,-.031
.413,.057,-.165,.142,.072,.006,.034,-.008,-.037,.011,-.328,-.076,-.021,-.041,.066,.101,-.087,.028,.103,.013,.033,.090,.029,.014,.023
.586,.146,-.082,-.029,.029,.031,-.239,.040,-.007,.221,-.214,-.002,.138,.041,.026,-.049,.022,.119,.082,-.062,-.001,.032,.031,-.070,-.165
.421,-.329,-.049,.021,.008,.138,.064,-.258,-.135,-.011,-.102,-.001,-.098,-.075,-.093,-.051,-.045,.045,-.057,-.071,-.047,.091,-.044,-.035,.050
.122,-.336,-.168,.058,-.083,-.158,-.019,.184,-.093,.015,-.155,-.102,-.090,.107,.085,-.109,.222,-.105,.124,.035,-.133,-.084,-.013,-.085,-.086
.421,.060,.044,-.210,.042,.158,.111,.078,-.106,.063,-.257,-.081,-.016,-.116,-.046,.066,.149,.061,-.123,-.018,-.005,-.100,.081,.055,-.067
.419,-.193,.053,.042,-.059,-.055,-.108,.074,-.065,.028,-.055,-.060,.008,.064,.085,.189,.012,.087,-.010,.098,-.158,-.019,.145,-.101,-.039
.346,-.079,-.129,-.181,.008,-.335,.021,-.016,-.050,-.035,.016,.038,-.114,-.140,.030,-.109,-.016,.038,-.002,-.115,.074,-.053,-.112,-.033,-.068
.495,-.146,.037,.086,-.039,-.085,.127,-.035,.051,-.127,-.067,-.193,-.018,.106,-.065,-.120,.070,-.013,-.017,-.113,-.034,.057,.081,.016,-.007
.312,-.059,-.119,-.106,-.062,-.048,.051,.084,-.252,.031,.064,.134,.059,.050,.265,-.155,-.084,-.006,.131,-.020,-.012,-.003,-.090,.169,-.004
.449,-.043,-.086,-.025,-.206,.082,.047,-.002,-.147,-.012,-.059,-.016,-.150,-.080,.016,.066,-.049,.075,.182,-.059,-.012,.136,.113,-.098,.049
.421,-.140,-.024,-.063,.056,-.052,.300,.041,-.001,-.087,-.049,-.180,.108,-.107,-.016,-.085,-.066,-.023,-.001,.027,-.043,.075,.032,.026,.133
.451,-.002,.071,.195,-.100,-.093,-.053,-.043,.037,.005,-.098,-.045,.148,.023,.103,.029,-.074,.094,-.034,.057,-.011,.032,-.228,.017,-.091
.398,-.077,.083,.063,-.014,-.175,.042,.083,-.172,.211,.014,-.003,-.006,.030,-.002,.063,-.038,-.242,.052,.175,-.010,.089,.084,-.131,-.052
.355,.033,.132,-.019,-.176,.064,-.103,-.224,.037,-.001,-.152,.140,-.011,.071,.056,.038,.014,-.012,-.066,-.082,.006,-.106,.120,-.060,-.035
.137,.084,.162,-.032,-.090,-.247,-.010,-.005,.279,.026,.116,-.050,.000,-.061,-.114,.151,-.003,.155,.107,-.116,.140,.050,.022,-.109,-.092
.224,-.191,-.137,.099,.065,.082,-.056,.035,.216,-.046,.063,-.289,-.147,-.197,-.135,.008,.026,-.015,.153,.013,.094,.038,.004,-.071,-.070
.429,.115,.191,-.074,-.284,.245,-.094,-.125,-.079,-.003,.120,-.198,-.003,-.046,-.017,-.106,.051,-.063,.099,-.015,-.024,-.128,.041,-.016,.035
.429,-.195,.168,-.091,.038,.190,-.248,-.060,.021,-.071,-.055,.148,.018,.090,-.021,-.029,-.087,.047,-.001,-.079,-.092,.140,.069,-.019,-.006
.123,-.049,.158,-.062,-.069,.046,.126,.138,-.011,-.071,.149,.055,-.098,-.106,.238,.034,.069,-.201,-.087,.168,-.095,-.092,.066,-.083,-.056
.167,-.269,-.214,-.190,-.321,.148,-.122,.103,-.053,-.021,-.072,.145,.022,-.057,.048,-.005,.184,.053,.021,-.025,-.075,-.016,.042,.032,-.042
-.553,.158,-.013,-.009,-.036,-.151,.054,-.193,-.083,-.028,.012,.159,.130,-.014,.094,.061,.074,-.022,-.002,-.075,-.054,.018,.027,.106,-.104
-.682,-.194,-.123,.094,-.005,-.095,-.088,.136,-.040,-.058,-.055,-.092,.017,.021,-.033,.026,.030,.058,.033,.013,.072,.034,-.069,.016,-.008
-.785,.136,-.048,.040,.019,.086,-.036,-.038,.019,-.034,.012,.015,.027,.038,-.087,.011,.037,-.010,-.087,.045,-.028,.076,-.171,-.074,.422
-.720,.166,-.180,.002,.126,.038,-.123,-.040,.022,-.036,-.022,.080,-.050,.037,.001,-.043,.003,-.147,-.008,.006,.001,-.068,-.038,-.005,.033
.176,-.187,-.135,-.113,-.125,-.062,.058,.277,-.161,-.132,.052,-.062,-.141,-.184,.065,-.102,-.095,.068,-.185,-.051,-.017,.003,.122,.155,-.048
.540,-.024,-.152,.146,-.035,.167,.000,.018,.009,-.029,-.092,.084,-.008,.066,-.191,-.008,-.071,.071,-.013,.025,-.078,.068,.113,-.020,-.059
-.686,-.098,-.171,.232,.028,-.083,.054,-.149,.037,.167,.000,-.001,.174,.073,-.007,-.047,-.067,-.076,.011,-.058,.008,-.024,.047,.005,-.011
.408,-.359,.089,.000,-.039,-.093,-.173,-.156,-.020,.024,.091,.041,.056,.163,-.088,.036,.072,-.088,-.071,.032,.010,-.011,.016,.014,-.107
-.720,.223,.055,.077,.012,-.107,-.026,.049,.113,-.015,.118,.044,.019,.015,-.047,.005,-.168,.019,.057,-.043,-.096,.042,.029,-.002,.003
-.680,.215,.192,-.037,.118,.031,-.013,-.037,.191,.120,.072,-.086,.084,.143,.035,-.103,-.030,-.010,.066,.051,-.067,.003,-.001,-.016,-.012
-.712,-.035,.078,.140,-.147,-.011,.191,-.190,-.117,.016,.023,.141,.030,-.032,.011,-.085,-.060,.006,.007,-.066,.057,.065,.078,.002,.027
-.727,.191,-.204,.121,.013,-.031,.015,.086,.026,-.087,.059,.032,.073,.038,-.020,-.075,-.026,-.081,.114,-.027,.000,-.029,-.012,.014,-.052
.331,.187,-.036,-.052,.090,.130,-.086,.038,.170,-.114,-.126,-.015,-.077,-.069,-.042,-.153,-.206,-.157,.029,-.031,-.054,-.131,.004,-.167,.017
.528,.361,-.276,.115,-.052,.032,-.040,.110,.072,-.020,-.042,.032,.116,.025,-.038,.163,.087,-.114,.026,.004,-.009,.036,-.045,-.002,.021
-.656,.174,-.120,.041,.003,.048,-.016,-.121,-.016,.245,-.002,.101,.065,-.025,-.030,-.050,-.131,.105,.028,-.041,.009,-.083,.105,.000,.032
-.706,.265,-.052,-.021,.071,-.112,-.050,.003,-.136,-.034,-.073,.148,-.005,.040,-.057,.070,-.002,.078,.043,.025,.018,.068,.010,-.038,.008
.317,.104,-.014,-.006,-.022,-.101,-.116,.131,-.003,-.016,.082,-.093,.071,-.159,-.045,-.277,.095,-.187,.074,-.143,-.131,.139,.087,-.004,-.101
-.282,-.083,.267,.055,-.221,-.146,.023,.145,.096,.057,-.019,.191,.054,-.105,-.170,.093,-.164,.167,-.050,.099,.152,-.047,-.004,.016,-.058
.266,.033,-.318,-.048,.081,-.070,-.039,.189,.208,-.059,-.053,.042,.028,.042,-.009,-.071,.116,.081,.019,.087,-.133,.151,.001,-.078,-.066
-.691,.255,-.056,-.046,-.071,-.099,.021,.105,.059,-.030,-.058,.068,.219,.128,-.088,.145,.108,-.143,.071,.004,.009,.039,.017,.084,-.006
-.735,.129,-.019,-.129,-.025,-.003,-.016,.022,-.149,.065,-.039,.082,-.039,-.310,-.039,.126,.026,-.053,.081,-.007,.032,.030,-.025,-.027,.033
-.428,-.009,-.113,-.205,-.087,-.150,.249,-.063,-.014,.012,.030,.068,-.024,.075,.096,.170,-.116,-.075,-.022,-.017,-.011,.009,-.294,.095,-.018
-.415,.217,.224,-.127,-.051,.182,.068,-.034,.142,.040,.026,-.093,-.151,-.148,-.005,.093,.122,-.075,-.136,-.092,.080,.113,-.062,.012,.016
.536,-.124,-.025,.070,.053,.043,-.108,-.142,-.011,-.111,-.109,-.051,.032,-.045,.109,-.031,.126,.117,-.065,.050,.087,-.059,-.050,.135,.112
-.593,-.133,-.179,.104,-.022,.007,.016,.126,-.019,-.074,.059,-.070,.045,-.117,-.095,.040,-.060,.014,.137,.049,-.098,-.027,-.027,.054,.009
.459,.144,.099,.287,-.077,-.022,.007,-.133,.002,-.002,.138,-.026,.051,.082,.044,-.056,-.004,.003,-.020,-.045,.076,.101,-.116,.011,-.016
-.098,.183,.280,-.049,-.138,.061,-.124,.223,.020,-.157,.142,-.145,-.044,-.091,.087,-.141,.021,.049,.089,.059,-.130,.083,.177,.057,.000
.215,.152,.060,.063,-.036,-.275,.141,.004,.043,-.235,-.016,-.206,-.131,-.048,.047,-.010,-.011,.056,.049,-.009,.223,.009,.055,-.036,.077
-.477,-.158,.221,-.137,.024,-.079,.113,.116,-.084,.078,-.093,.068,-.109,-.025,-.128,.139,.003,-.130,-.063,.088,-.048,-.119,.030,.024,.032
.055,.106,-.320,-.186,-.170,.053,-.095,-.163,-.147,-.101,.209,-.122,.178,-.150,-.121,-.075,-.117,.075,-.076,.012,.071,.138,-.089,-.014,.029
-.516,-.046,.016,.402,.043,-.130,-.021,-.047,-.083,-.006,.090,-.056,.047,-.242,-.056,-.046,.076,.042,.103,.086,.114,.024,-.101,.015,-.068
.348,-.271,-.006,-.057,-.103,.246,-.034,-.073,.021,.001,.081,.025,.004,-.036,-.242,-.017,-.165,.020,.103,-.117,.045,.006,.004,-.023,.061
.186,-.082,.225,-.080,-.034,-.018,-.138,-.006,.171,-.119,.109,.083,-.018,.159,-.007,.181,-.205,.025,-.069,-.111,.074,-.236,-.215,.014,-.153
.396,.187,.195,.360,-.118,.088,-.011,.017,-.134,-.113,.105,.101,.039,.170,.055,-.080,-.077,.141,.055,-.070,-.069,.100,.020,.009,.100
.443,.061,.020,-.001,.078,.030,.044,.024,.053,.155,-.058,.110,.021,.020,.180,-.039,-.133,.028,.095,.166,-.043,.096,.025,-.134,.087
-.280,.025,-.325,.018,-.134,-.125,-.252,-.060,-.204,-.107,.004,.038,.061,-.151,.142,.098,.071,.015,.125,.156,-.109,-.032,.210,.019,-.083
.498,.355,-.311,.144,-.153,-.029,.060,-.063,.042,-.045,-.116,-.028,.215,-.031,-.006,.097,.054,-.078,-.007,.035,-.001,-.030,.025,-.043,.041
.533,.387,-.135,.093,-.075,.128,.061,-.101,-.019,-.021,-.055,-.078,-.003,.015,.023,-.217,.081,-.022,-.002,-.056,.140,-.032,-.093,-.053,-.053
-.751,.054,-.146,-.131,.067,.019,.005,.097,.216,-.158,-.002,.229,-.090,-.026,-.022,-.044,-.077,.105,-.015,-.039,-.046,-.039,-.021,.013,.011
-.780,.115,-.019,-.050,-.062,.064,-.216,-.058,-.054,-.061,.198,.054,-.075,.022,-.105,.017,.087,-.094,-.039,-.038,.013,-.115,-.008,.070,-.035
.477,-.251,-.096,.042,.015,.103,-.113,.111,.064,-.015,-.008,.097,-.045,.096,.038,-.009,.059,.018,-.008,.033,.040,-.042,.028,-.030,.141
.462,-.308,-.112,.017,-.020,.018,-.103,.084,.083,-.002,.060,.006,-.102,-.122,-.150,.113,.072,-.034,.076,-.089,-.091,-.050,-.012,-.081,.061
-.748,.015,-.072,.113,.222,.140,-.009,.064,.150,-.004,.006,-.112,.066,-.067,-.032,.027,.017,-.017,.068,.016,.007,-.054,-.056,.009,-.031
-.725,.032,-.148,.195,.106,-.037,.174,-.024,-.011,-.011,.159,-.016,.011,-.093,-.096,.008,.048,.101,-.003,.021,.038,.094,-.002,.005,-.064
-.502,.258,-.234,-.156,-.031,-.084,-.196,-.030,-.075,.024,.080,-.073,.151,-.010,.112,-.054,.032,-.031,-.010,.046,.046,.068,.021,-.022,-.015
-.673,.046,-.049,.089,.062,.127,-.053,-.091,.137,-.080,.155,.091,.035,-.034,.037,.015,.032,.082,-.056,-.085,.091,.001,.059,-.006,.040
.330,.275,-.258,.114,.119,-.195,.288,-.024,.051,.090,-.149,.052,.040,-.014,-.103,-.055,.008,-.025,.047,-.036,.033,.047,.102,-.096,.051
.549,-.166,.124,.078,.039,.067,.042,.143,.015,-.050,-.001,.112,.027,-.050,.045,-.115,.084,-.056,.019,-.077,.001,.017,-.102,.039,-.007
.420,.022,-.030,-.079,.093,.122,-.048,.094,.096,.070,-.083,.180,.093,-.066,-.141,.112,.098,-.025,.041,-.034,.085,.014,.114,.034,.027
.497,-.028,-.056,-.167,-.014,.033,.072,.178,.033,.021,.038,-.004,-.021,.098,.102,.211,-.146,.043,-.033,.024,.084,.025,.063,.079,-.124
-.738,.074,-.071,.043,.082,.091,.058,-.003,.098,-.216,-.120,-.136,-.059,-.088,.066,-.071,.045,-.218,-.042,-.040,-.001,-.069,-.082,.034,-.031
.470,.227,.037,-.091,.030,.045,.038,.098,.048,.213,-.014,.100,-.139,-.021,-.100,-.039,.000,-.009,-.092,.153,.007,-.001,.004,-.050,-.156
.516,.184,-.010,.083,.006,-.070,.004,.081,.098,.076,.098,.004,.036,-.067,.163,.006,.121,-.128,.125,-.058,-.037,-.090,.008,.067,.055
.453,.150,-.086,.061,.023,.041,.165,.130,.037,.097,-.118,-.216,.047,-.002,-.009,.119,-.035,-.017,.027,.039,-.013,.136,.021,.000,-.131
.554,.242,.116,-.044,-.079,-.057,.102,-.009,.004,.059,.121,.018,.304,-.038,.020,-.016,.043,.019,-.151,-.044,-.094,-.030,.017,.006,.011
.258,.204,-.179,-.175,.083,-.056,.165,-.040,.253,.026,.075,.132,-.012,-.028,.102,.131,-.040,-.035,.143,.013,-.052,.122,.140,-.140,-.069
.488,-.307,.040,.059,.075,-.166,-.128,-.059,-.050,-.087,-.055,.042,.015,-.050,-.081,-.056,-.131,.003,-.133,.006,.027,.056,.040,.142,.015
-.078,.127,.063,.074,.007,.242,.246,.160,-.124,.189,.051,-.114,.047,.137,.067,.157,.075,.108,-.164,.005,-.089,.041,.120,-.044,.068
.344,-.340,.089,-.100,-.072,-.120,.134,.086,.081,-.141,-.157,.037,.182,.091,-.106,.056,.092,.009,.050,.024,-.047,-.029,-.074,-.125,-.018
.075,-.232,.179,-.008,.051,-.059,-.180,.064,.105,-.031,.127,-.295,.063,-.028,.085,-.104,-.004,.057,.083,.125,.055,.004,.029,.014,-.040
-.544,-.238,-.148,.115,.018,.078,.222,.033,-.026,-.014,-.036,-.034,.079,-.160,.046,.063,.095,.044,-.089,.031,-.056,.014,-.011,.099,.078
-.735,-.068,-.062,.080,.216,-.044,.048,-.136,.000,.010,-.052,.088,-.092,.115,.085,.025,.019,.009,.093,.054,-.045,.022,.047,-.071,-.018
.426,-.292,-.034,-.015,.054,.046,.142,-.187,.002,-.009,.092,.110,.033,.047,-.143,-.085,.126,.004,-.014,-.045,-.001,-.086,-.008,.043,.107
.625,.222,.267,.055,.021,.033,-.123,.064,.069,-.056,-.001,.076,-.016,-.092,-.031,.098,.006,.078,-.007,-.051,-.020,.004,.024,.080,.005
.510,.231,.068,-.072,.082,.070,.077,.143,.141,.016,.020,.037,-.021,-.009,.031,-.003,-.007,-.067,.157,.192,.146,-.055,-.118,.054,.017
.302,.124,-.220,-.124,-.038,.033,-.099,-.019,-.106,-.003,.079,-.121,.188,.050,-.185,-.079,.053,-.058,.116,-.009,-.041,-.113,-.071,-.151,.013
-.687,.143,-.094,-.142,.102,-.064,-.034,-.066,-.101,-.093,.147,-.048,.084,.010,.018,-.121,.054,-.038,.131,.041,.038,.070,-.020,.018,-.058
.319,.241,-.171,.028,-.068,-.076,.122,-.241,-.036,.103,.222,.176,-.115,.021,.090,.067,.094,.238,.008,.135,-.057,-.103,.068,.104,-.001
-.566,-.068,.139,-.140,.081,-.235,.151,-.078,.042,.100,-.099,.043,.207,.012,.169,-.042,-.002,.081,.066,.077,.087,-.045,-.064,-.019,-.044
-.382,-.174,.152,.069,.099,-.173,.038,.132,.151,-.160,.003,.001,.121,.076,.143,-.076,-.119,-.051,-.125,-.150,-.040,-.018,.005,.075,.037
-.529,-.033,.132,-.056,.119,.224,.017,.180,-.090,.074,.086,.051,-.026,-.130,-.049,-.014,-.092,.010,-.026,.118,-.003,-.104,-.026,-.021,.003
-.015,.192,.100,-.016,-.166,.250,-.062,-.040,.180,-.046,-.120,.150,-.038,-.064,.114,.071,.078,.105,.178,-.040,-.070,-.016,-.076,.146,.017
-.004,-.375,-.108,-.166,-.025,.007,.049,.098,.026,.175,.123,-.087,-.058,.226,-.008,-.034,.019,-.012,.053,.021,-.017,-.059,-.154,.134,.035
.450,.220,-.143,-.056,.001,.081,.034,-.003,-.083,-.239,-.099,-.032,.109,.124,-.103,-.084,.045,-.009,.033,.156,.020,-.023,-.015,-.113,.075
.284,-.235,.279,-.060,-.022,-.190,.078,.060,-.067,-.117,-.042,-.040,.186,-.016,.177,-.046,.000,-.053,-.163,-.062,-.087,.015,.057,.061,.028
.358,.210,-.184,.124,-.116,-.065,.008,-.057,-.035,-.171,.002,.023,-.078,.011,-.252,-.069,-.142,-.072,-.099,.084,-.023,.084,-.047,.011,-.118
-.522,.057,-.025,-.019,-.115,-.037,-.029,-.031,.172,-.004,-.097,-.023,-.048,-.053,.108,.038,-.088,-.135,.047,-.053,.002,.021,-.089,.013,.035
.424,.148,-.071,.052,-.209,.009,.101,.094,.001,.194,-.137,-.052,.059,-.057,.039,-.012,-.021,.015,-.067,-.134,.061,.029,-.028,.026,.011
.591,.300,-.202,.113,.002,.014,.058,-.015,-.129,-.013,.051,.074,.004,-.035,-.029,.133,.009,-.005,.039,-.019,.024,-.097,-.089,-.048,-.074
.405,.121,-.101,-.004,-.084,.039,-.068,-.152,-.083,.030,-.243,-.158,-.176,.121,.049,.071,.052,.036,.090,-.114,-.005,-.051,.041,-.080,.001
.416,.005,-.162,-.081,.145,.104,-.044,.102,-.195,.189,-.036,.006,-.030,-.044,.157,.099,-.049,-.002,-.037,.027,.021,.152,-.031,.085,.078
.457,.062,-.097,-.033,.003,-.010,-.130,-.134,.122,.028,-.067,-.158,-.066,.031,-.021,-.165,-.064,.244,-.162,-.052,-.047,-.088,-.016,.028,.047
.130,.140,.013,-.201,.234,-.166,-.218,-.205,.100,-.017,-.052,-.104,-.065,-.013,.001,.082,.008,.061,.070,-.097,-.016,.026,-.179,-.143,-.163
-.007,.434,.024,.147,-.164,-.067,-.173,-.123,.089,.029,.118,.026,-.094,.174,.043,-.094,.083,.018,-.028,.046,-.071,-.075,-.096,-.097,.028
-.732,.031,-.184,-.118,.172,-.130,-.046,-.207,.115,.100,.053,-.076,-.006,.022,-.013,.027,.019,-.045,.065,-.024,.060,-.038,.005,-.025,.035
-.786,.156,-.114,-.027,.074,.030,-.129,.028,-.017,-.081,.001,.035,-.044,.016,.094,-.123,.104,-.090,.035,.010,-.088,.042,.262,-.097,.082
-.740,.143,-.055,.103,.051,-.042,-.264,-.061,-.038,.013,-.155,.077,.037,.007,-.035,-.047,-.160,-.041,.004,-.060,.010,-.020,-.041,-.039,-.017
-.777,.135,-.056,.007,.090,-.018,-.074,-.009,-.005,-.047,-.069,-.048,-.047,-.051,-.035,.015,-.124,.030,-.001,.085,.170,.041,.174,.313,.122
.134,.157,.115,.087,.157,.027,-.026,-.260,-.038,.203,.116,-.007,-.136,.234,.107,.015,.073,-.024,-.111,.045,-.102,.066,-.009,.105,-.133
-.574,-.325,-.004,-.104,-.151,-.269,.194,-.073,.041,.016,.022,.006,.096,-.001,-.046,-.031,.073,.063,-.095,-.033,-.014,.098,-.022,.053,.054
-.530,-.149,.341,-.052,.019,-.241,.171,-.132,.049,-.016,-.006,.168,-.021,-.064,-.100,-.051,.069,.038,-.056,.027,-.022,.048,.016,-.049,.028
-.720,.227,-.141,-.014,.040,-.063,-.203,-.004,-.006,-.046,.008,.102,.059,-.017,-.026,-.046,.003,.007,.057,.047,.014,-.006,-.019,-.006,.022
.409,-.240,-.006,.231,.110,-.018,.141,-.046,-.002,-.131,.000,-.013,.060,.030,-.028,.012,.070,-.009,.060,.077,.084,-.004,-.110,.031,-.005
.217,-.496,-.058,-.158,-.031,.112,-.067,-.052,-.016,.128,-.021,.098,-.021,.158,.153,.082,.056,.174,.151,.101,.031,-.010,-.047,-.032,.119
.395,-.296,.059,-.070,.151,.014,.024,-.229,-.220,.067,.036,-.004,-.045,.037,-.005,-.015,.103,-.109,.046,-.086,-.121,.079,.082,.109,.009
.500,-.334,-.072,.044,-.048,-.087,.101,-.086,.069,.033,-.145,.031,.179,-.163,-.027,.011,-.158,-.019,-.025,.092,-.038,-.050,-.122,.031,.014
.358,-.235,.149,.040,.058,.192,.146,-.033,-.096,.076,.158,.036,.020,-.072,-.129,-.153,.100,.043,-.062,.112,-.059,.092,-.017,-.040,.152
-.774,.076,-.045,.106,-.021,.002,-.056,-.050,.069,-.006,-.007,-.028,.014,-.048,.078,.142,-.040,.028,-.040,.242,-.223,-.125,-.009,.016,-.010
-.708,.150,.204,-.141,.165,.048,-.057,-.033,-.015,-.088,.025,-.055,-.127,.007,.077,.038,.020,.030,-.059,.023,.014,.052,-.020,-.068,-.048
.060,-.194,-.158,.106,-.030,.112,.059,-.023,-.073,.038,-.080,.011,-.272,.024,-.051,.252,.046,.042,-.051,-.033,.117,-.157,-.043,-.037,.053
-.282,-.357,-.109,-.156,.038,-.117,-.041,.196,.021,-.153,-.043,-.150,-.057,.028,.111,.051,-.057,-.034,-.041,-.027,-.062,-.080,.084,.099,-.052
.317,-.375,.110,-.043,.035,.257,-.042,.023,-.179,-.043,.068,.064,.128,.100,.026,-.075,-.056,.088,.073,.012,.156,.058,-.018,.048,-.082
-.686,.202,.222,-.142,.117,.092,.046,-.075,.153,.054,.029,-.043,-.067,-.089,-.003,-.014,-.023,.059,.025,.060,-.033,.073,.027,-.018,-.052
.574,-.136,-.032,-.181,-.053,.240,.096,-.112,-.004,-.097,.061,-.138,-.019,-.071,-.014,.007,.086,.060,-.030,-.026,-.036,.092,.102,.064,.072
.391,-.265,.073,.124,-.098,-.018,.022,-.189,-.138,.042,.001,-.124,.005,-.063,-.118,-.013,-.060,-.087,.107,.123,.239,-.137,-.001,-.032,.016
.248,.028,.082,.174,.087,.043,.164,-.274,.132,-.138,-.087,-.007,.134,-.051,.124,-.083,-.012,.119,-.088,-.048,.055,-.033,.002,.082,-.109
.285,.252,-.051,-.039,-.021,-.246,-.052,-.048,-.042,.109,.061,-.058,.139,.021,-.147,-.044,.023,.148,.037,.044,-.146,.057,-.027,-.008,-.101
.426,-.285,.021,-.008,-.012,.041,.076,.030,.031,.136,.039,.035,-.167,-.024,.024,-.070,.017,.070,-.031,-.105,.055,.108,.043,-.094,-.081
-.611,.074,.095,-.004,-.018,-.018,.116,-.096,-.114,.049,-.123,.206,-.004,-.087,.165,-.077,-.007,-.133,-.052,-.104,.079,.030,-.075,.093,-.006
.214,.301,-.192,.080,.047,.012,-.088,.049,.034,.114,.113,-.011,.021,.072,.030,.081,-.064,.102,-.303,.200,.074,.008,-.081,.001,.045
.309,-.149,-.179,.069,-.014,-.394,-.086,-.223,.118,-.063,.114,.045,-.051,-.041,.120,.041,-.121,-.103,.051,-.006,-.083,.047,.079,.104,.087
.605,-.039,-.115,.019,.177,.130,-.015,.069,-.066,-.008,.141,-.014,.024,-.033,-.018,.021,.013,-.090,.102,-.015,-.063,-.068,-.063,.014,.118
.237,.077,-.071,.169,.070,.050,.101,.097,-.046,.012,.127,-.106,.067,-.092,.061,.197,-.171,-.096,.061,.044,-.130,-.152,-.100,-.146,.158
-.122,-.178,-.082,-.112,-.008,-.081,-.088,.190,-.011,-.005,.087,-.100,.127,-.012,.001,.156,.082,-.110,-.005,-.136,.015,.074,.034,-.045,-.027
-.541,.115,.104,.010,-.011,.151,.041,-.122,-.068,.118,-.051,-.045,-.095,.012,-.139,.213,-.008,-.018,-.052,.133,-.115,-.081,-.036,-.015,.070
-.718,-.038,-.197,.242,.087,-.005,.122,-.054,-.033,-.025,.036,-.065,-.005,.087,.019,.040,.053,-.032,.067,-.007,-.019,-.024,-.009,.012,-.054
-.391,-.228,-.061,-.108,-.033,-.129,-.047,-.142,-.192,-.015,.164,-.022,.028,-.020,-.127,.012,-.175,-.043,-.087,-.038,.107,.018,.145,.005,-.113
.245,-.260,-.214,.011,-.074,.072,-.201,-.012,-.189,.118,-.205,.069,.101,.110,-.107,-.040,-.103,-.012,-.027,.018,.031,.081,.212,-.082,-.059
-.357,-.161,.048,-.099,-.321,.010,.002,-.035,.044,.010,-.120,-.001,-.077,-.131,-.137,.025,-.080,-.021,.082,-.084,-.155,-.152,.004,-.009,.010
.428,.306,-.099,-.047,-.009,.060,.122,.099,.113,-.054,-.100,.025,-.066,.137,.034,-.031,-.038,-.033,-.168,-.152,-.039,-.087,.024,-.030,.020
.467,.414,-.033,.082,.021,-.004,-.101,-.036,-.038,-.111,.133,.041,.047,-.082,-.162,.081,.105,-.061,-.062,.026,-.017,-.062,-.029,.009,-.030
-.562,-.303,-.123,.035,.018,-.030,-.075,.079,.064,.122,.078,-.034,.041,-.005,.114,-.077,.111,.038,-.134,.041,.057,-.143,-.022,-.036,.042
.658,.042,.023,-.032,-.231,-.092,-.028,-.037,.176,-.013,.168,-.072,.040,.011,.111,.133,-.035,-.034,-.062,-.034,-.057,-.019,.020,.018,.009
.415,.049,.265,.380,.070,.093,-.180,-.057,-.033,.064,.035,.041,-.067,-.086,-.085,.098,-.004,-.046,.037,-.008,.047,.148,-.055,-.154,.022
-.670,-.107,-.154,.215,-.228,.175,.008,.007,.132,.175,-.008,.030,.045,-.094,-.027,-.068,.028,-.003,-.073,-.069,.040,-.003,.111,.011,.000
-.062,.115,.113,.154,-.238,-.166,.032,-.023,.085,.020,-.137,-.221,-.005,-.153,-.080,.019,.154,.136,-.022,.059,-.014,-.069,.088,-.075,.040
.279,.018,.023,.119,.010,.032,-.161,.021,.023,-.038,-.197,.022,-.116,.102,.124,-.026,.028,.134,.049,-.084,.024,.141,-.121,-.126,-.025
.526,-.200,-.055,-.206,-.004,.126,.084,-.112,.059,.064,.149,.025,-.038,-.045,.136,.026,.103,-.071,-.062,.025,.024,.152,.115,-.082,.003
.027,-.212,.050,.078,.058,.251,.055,-.174,-.002,-.188,.010,.329,.086,-.140,.004,-.024,.042,.042,-.040,.086,.132,.031,.010,-.059,-.030
-.688,.159,-.141,-.217,-.032,.170,.069,-.013,-.204,.105,-.082,.000,.014,.113,.082,-.115,-.030,.028,-.021,-.055,-.044,-.179,-.024,.065,.034
-.740,.015,-.038,.106,.003,.166,.081,.157,-.116,-.091,-.024,-.048,-.014,.004,.022,-.062,-.045,.083,-.031,.005,-.106,.043,-.030,-.005,-.034
-.719,.054,-.122,-.046,-.042,.029,-.061,-.021,.061,-.061,-.044,.022,-.117,-.127,-.097,.036,-.142,.010,-.005,.031,.023,-.002,.028,-.031,-.016
-.762,.031,-.143,-.104,-.079,.137,-.047,-.050,-.044,-.141,-.037,-.128,-.015,.041,-.150,.084,-.104,.042,.071,.001,-.097,.123,.038,-.033,-.024
-.634,-.126,-.009,.052,.042,-.038,-.001,.101,-.092,-.082,.043,-.132,.046,.124,.040,-.014,.067,.085,.027,-.008,.013,-.088,-.037,-.064,-.046
-.775,.031,-.022,.093,-.095,.028,-.074,-.056,.040,-.085,-.042,-.013,-.054,.016,.173,.081,.056,.089,.284,-.113,.029,-.069,-.013,.023,.086
.343,.357,-.108,.227,-.081,-.055,.014,.018,.106,.089,.147,.005,-.026,.169,-.073,.095,-.019,-.143,.003,.085,-.239,-.003,-.014,.120,.055
-.171,.198,-.092,.037,.057,.051,.184,.187,.046,-.055,-.212,.215,.036,.088,-.211,-.153,.042,.011,-.276,.004,-.027,.060,-.043,.027,-.112
-.085,-.007,.358,.037,.071,-.231,.037,.193,.048,.202,.015,-.028,-.115,-.125,.178,-.032,.021,.095,.032,.033,-.078,.021,-.128,.065,.077
-.364,.098,-.279,-.148,-.187,-.207,-.103,-.019,-.157,-.121,-.074,-.043,-.204,.129,.114,-.205,.063,.106,-.083,.038,-.005,-.121,.028,.042,-.017
.319,-.154,-.084,-.094,.306,-.052,-.031,-.018,-.043,-.043,.148,-.031,.049,.029,-.122,-.039,-.085,.125,-.256,-.137,-.099,.011,-.049,-.092,.210
-.772,.148,-.095,.056,.035,.013,-.041,-.044,-.006,.032,-.031,-.010,-.158,.065,.150,.143,.082,.040,-.143,-.050,.041,.163,-.020,.009,-.047
-.499,-.054,.127,.068,-.169,-.067,.174,-.103,.062,-.039,-.175,.031,.179,-.216,-.111,.017,-.010,-.055,-.089,-.029,-.090,-.075,.041,-.037,.119
-.621,-.180,.074,.136,.015,-.126,-.023,-.111,.130,-.081,-.104,-.077,-.143,.049,-.001,-.014,-.049,-.034,-.037,-.083,.009,-.084,.028,-.011,-.098
.313,.135,.171,-.086,-.180,-.239,.161,-.107,-.153,.140,-.138,-.048,.102,.047,-.114,.015,-.019,-.155,-.106,.070,-.030,.037,-.016,.077,.072
.313,-.018,-.145,.083,.022,-.079,.048,.008,-.211,.015,.161,.045,-.298,-.179,.026,.063,-.075,.063,-.068,.021,-.187,.019,.061,-.084,-.103
.303,-.123,.094,.122,.217,-.001,.048,-.029,-.106,-.112,-.014,.067,-.046,-.003,-.049,-.176,.114,.015,.054,.189,-.140,-.058,.036,-.079,.014
.398,.015,.179,-.008,.143,.079,.064,-.070,-.167,-.053,-.026,-.044,.071,-.005,-.028,.138,-.031,-.034,.001,.049,-.051,.015,-.101,.010,-.126
-.723,-.004,.003,-.083,.207,-.064,.009,-.092,-.054,.154,-.113,-.020,.011,-.072,.016,-.037,.063,.002,.045,-.094,.070,.050,.022,-.044,.045
-.615,-.151,-.001,.173,.006,-.048,-.052,.191,-.095,.094,.143,-.008,.021,-.047,-.083,-.109,.075,.042,-.026,-.155,-.017,-.104,.055,-.064,-.029
-.647,-.130,.035,.009,.023,-.005,-.205,.074,-.090,.033,-.025,.074,.107,-.016,-.004,.054,-.040,-.148,.035,-.005,-.014,-.019,-.053,-.020,.142
.089,-.222,.121,-.250,.199,.216,.228,.009,-.121,-.038,.117,-.035,-.003,.065,-.012,.198,-.022,.044,-.086,-.004,.073,-.050,.036,-.052,.071
.390,-.269,.002,.091,.003,.050,-.141,-.063,-.001,-.117,.062,-.065,.078,.002,.028,-.105,.070,-.080,.133,.142,-.009,.089,.165,.099,-.063
.554,.068,-.126,-.016,.087,-.046,.042,-.071,-.143,.167,-.105,-.109,-.069,.137,-.080,.003,.021,-.029,-.182,.064,.039,.006,-.009,-.081,-.119
.584,.194,.070,.011,.071,.037,.000,.106,-.225,.111,.050,.076,.144,.006,-.113,-.028,-.111,.060,.043,-.036,.101,-.129,.055,-.081,-.042
.473,.031,-.007,-.170,.017,.051,.029,.071,-.079,-.077,.093,-.101,.099,-.041,-.026,.076,.034,.173,.053,-.146,-.198,-.082,.067,.001,.029
.550,.077,-.018,-.084,.041,-.038,.083,.124,-.059,-.141,-.050,.028,.059,.160,-.127,-.079,.036,-.036,-.021,.004,.137,.056,.060,-.037,.148
.216,-.258,.008,-.104,.188,.011,-.123,-.170,.003,.059,-.117,-.012,.148,-.099,.009,.067,-.123,.009,.097,-.163,.001,-.021,.111,.032,.008
-.488,-.086,-.010,.008,-.075,.113,.168,.154,-.032,-.015,.007,-.084,.108,.027,.051,-.073,.205,.105,-.069,-.075,.164,-.012,-.105,.104,-.039
-.533,-.199,.074,-.126,-.041,-.013,.082,.058,.023,.102,-.022,.026,-.084,-.100,-.001,-.003,.219,-.053,-.047,-.047,.192,-.113,.027,-.009,-.107
-.468,.101,.187,-.128,-.043,.050,-.005,-.047,.118,.028,.017,.053,.072,-.049,.076,.080,.041,.022,.090,.173,-.159,.055,-.086,.060,.007
.551,.190,-.018,.045,.161,.153,.106,.006,.006,.004,-.081,-.099,-.021,-.036,.092,.014,-.036,.029,.016,-.022,-.095,-.077,.066,.029,-.151
-.145,.324,.065,-.133,.121,.057,.123,-.216,.160,.088,-.007,-.001,-.132,.170,-.160,.151,-.004,.004,-.134,.029,-.019,-.066,.057,.134,.099
.516,-.133,.102,-.136,.099,.115,-.180,.150,.093,-.041,.004,.174,.060,.007,-.016,-.040,-.078,.019,.106,.040,-.046,.018,-.026,.079,.027
.222,.132,-.153,-.099,.086,-.116,-.055,.121,-.109,.053,.087,-.054,.161,-.166,.254,.083,-.008,.094,.040,.033,-.039,.047,-.002,-.174,-.095
-.655,-.225,-.118,.024,.178,.080,-.133,-.065,-.058,.120,.043,.020,-.064,-.139,-.053,-.035,-.048,.001,-.089,-.048,-.023,-.061,.018,-.030,.005
-.662,-.086,-.141,.076,-.096,.127,-.038,-.020,-.085,-.013,.055,.057,-.107,-.116,.091,.112,-.084,.001,-.069,-.019,-.014,.027,-.070,-.050,.039
.445,.215,.172,.160,.127,-.084,-.083,.017,-.031,.068,-.087,.207,.049,.094,.098,-.152,-.064,-.096,.002,-.083,-.120,.012,-.051,-.097,.076
.434,.243,-.286,-.065,-.052,.002,.009,-.096,.085,-.019,-.020,.002,-.081,-.039,.048,-.015,-.107,.065,.022,-.037,.069,-.112,.058,.032,.108
.500,.182,-.052,-.014,.051,.072,.143,-.123,.110,-.117,-.023,-.057,.064,-.149,.178,.050,.057,.030,-.036,-.033,.103,.025,.027,.022,-.082
-.653,-.126,.097,.082,.011,.033,-.034,.102,.028,.145,.006,.033,.004,.147,-.084,-.094,-.081,-.041,.006,-.058,-.141,-.007,-.057,.061,-.164
-.665,-.255,-.122,.081,.109,.168,-.003,.089,.157,.035,.108,-.060,-.016,-.087,.052,.058,.092,-.042,-.044,.005,.107,.104,.091,-.058,.034
.050,.006,-.086,.016,-.132,.128,.184,.206,.292,.057,-.298,-.181,.048,.014,-.005,-.139,-.003,-.008,.044,.118,.051,-.140,.029,-.065,-.005
.415,-.107,-.135,-.050,.274,-.002,-.023,.116,.019,-.027,.171,.076,.060,-.083,-.004,.005,-.273,.030,.028,.041,.006,-.162,.087,.069,-.085
.188,.394,.138,.078,.019,.044,-.225,.124,.217,.212,-.016,.146,.009,-.018,.035,.081,.023,-.016,-.048,-.131,-.049,-.016,-.109,.027,.054
.451,-.224,.027,-.088,.170,-.143,-.188,-.262,.040,.024,-.110,-.047,.040,-.166,.067,-.093,-.092,.052,.035,.153,-.103,-.112,-.054,-.035,.063
.053,-.371,.047,-.145,-.118,-.176,-.069,.149,.064,.169,.182,-.055,-.079,.134,-.020,.001,.071,-.132,-.101,-.057,.227,.005,-.070,-.067,.019
-.589,.171,-.095,-.178,-.183,-.164,-.197,.131,.047,-.043,.160,-.203,.179,-.111,.148,-.160,-.021,.148,-.031,-.002,.065,.068,-.084,-.004,-.007
.175,-.084,.026,.035,-.103,-.277,-.046,-.182,-.044,.119,.043,-.065,-.246,-.187,-.042,-.054,.130,-.012,-.018,-.011,-.028,-.065,-.010,-.130,-.058
.248,.134,-.130,-.207,-.055,-.131,.103,-.019,.014,-.082,.029,.121,-.228,-.089,.083,-.060,.115,.060,.085,.008,.086,-.171,-.149,-.105,-.130
.336,.229,-.268,-.048,.039,.071,-.070,.050,.036,.093,-.038,.042,-.224,-.027,-.028,.047,.119,.053,.081,.009,-.037,.062,-.019,.091,.116
.361,.106,-.180,-.127,.159,-.005,.017,.013,.123,-.183,.033,.231,-.083,-.049,-.058,-.092,.024,.055,-.017,-.044,.008,-.171,-.033,.082,.033
.270,.015,.137,-.281,.147,-.392,-.023,-.027,-.121,.211,-.157,.162,-.049,-.064,.166,.121,-.185,.045,-.051,-.130,.069,.077,.065,-.127,.060
.279,.130,.090,-.142,.287,.067,-.053,.042,.130,.253,.109,.059,-.015,.179,.025,-.018,.025,-.049,.057,-.050,.137,-.020,.206,-.036,-.050
-.646,-.236,.059,.069,.148,-.014,.073,.086,-.020,.094,-.136,-.029,.079,.099,.119,.094,-.067,.003,.044,-.006,-.171,.067,.034,-.027,-.020
.299,-.179,.001,.022,.078,.102,-.079,.130,.174,.189,-.060,-.012,.142,.053,-.240,-.011,.070,-.028,-.146,.098,-.129,.068,-.084,-.096,-.068
.433,-.279,-.013,-.274,-.131,.239,-.071,-.107,.176,-.032,-.055,-.065,-.004,-.026,-.029,-.089,-.047,-.094,-.005,-.018,-.096,.054,-.088,.064,-.139
.470,.098,.097,-.072,.141,-.001,.133,-.001,.008,-.127,.090,-.005,-.023,-.119,.141,.198,.061,-.032,-.004,.026,.060,-.135,-.044,-.058,.038
-.013,-.222,.117,-.171,.259,-.024,.045,.104,.096,.037,-.011,-.061,.116,-.063,-.043,-.207,-.121,-.171,.017,-.042,-.023,.037,-.028,.070,.054
.328,.284,.226,-.035,-.155,.252,-.026,.065,.079,.136,-.093,-.127,-.066,-.008,.034,-.186,-.026,-.102,.081,-.076,.025,.014,-.150,-.027,.141
.352,.016,.017,.341,.168,.108,-.110,.075,.061,.125,.048,.163,.112,-.084,.231,-.088,-.132,-.100,.011,.005,.053,-.006,.172,.085,.068
-.494,-.330,-.033,-.157,-.106,.102,-.020,.123,-.093,.159,-.072,.019,.010,.002,.055,-.064,-.026,-.028,.017,-.158,.120,.081,-.003,-.101,.000
.217,.201,-.107,-.120,-.093,.171,.064,.111,-.057,-.084,.056,.119,.014,.170,.083,-.137,-.132,.061,.069,.167,.034,-.218,-.058,-.050,-.109
-.629,-.145,.132,-.031,-.011,.203,.245,.087,-.096,-.048,.056,-.029,-.059,-.102,.082,-.043,-.023,-.021,.012,-.084,.055,.230,-.015,.104,-.061
.344,-.005,-.016,.159,-.121,-.057,-.274,.029,.048,-.032,-.118,-.075,.063,-.112,.125,-.062,.024,.102,-.052,.016,.056,.088,-.151,-.065,.100
.180,-.036,-.061,-.193,.318,-.016,.109,-.092,.010,.040,.148,-.130,.018,-.009,-.114,.120,.206,-.263,-.153,.052,-.011,.018,.006,-.081,.021
.398,-.250,.055,-.258,.103,.072,.083,.052,.049,-.125,.060,.069,.071,.106,.087,-.137,-.012,-.076,.000,-.036,-.022,.072,.067,-.052,.056
-.408,.396,.270,.010,-.147,.002,-.001,.020,-.156,-.135,.067,-.026,.023,.022,-.016,-.100,-.106,-.016,-.072,-.014,-.039,.168,.051,-.003,-.052
.273,.027,.246,.092,.154,-.079,-.021,.035,-.033,.132,-.003,.029,.139,-.108,-.039,-.144,.022,.017,.153,.160,.125,.065,.016,.173,-.033
-.541,-.265,.002,-.091,-.075,.042,-.129,-.042,.026,.086,.024,-.008,-.015,.022,.079,.093,-.173,.115,-.130,.144,-.031,.106,-.063,.036,-.037
.036,.056,.013,.022,.191,-.289,.013,.187,-.060,-.098,-.110,.282,-.057,-.016,-.205,-.013,-.017,.161,.138,-.014,.047,-.121,-.004,.062,.098
.084,.171,-.183,-.042,-.024,-.224,-.159,.165,.015,.172,-.037,-.197,-.248,.021,-.041,-.049,-.031,-.020,-.101,-.057,-.037,.072,.005,.030,-.041
.247,.191,-.055,-.022,-.061,.032,.098,.087,-.096,.116,-.158,.071,.127,-.229,-.037,.051,-.035,.211,-.281,-.035,.075,.029,-.116,.063,-.110
.329,.198,.177,.039,-.123,-.112,-.095,-.013,.020,.011,.004,-.205,.096,-.003,.144,.101,-.014,.205,-.069,.056,-.143,-.072,.014,-.060,.088
.573,.331,.024,.137,-.002,.330,-.113,.105,-.022,.083,.015,.032,.090,.017,.073,-.024,-.072,.051,-.004,-.135,-.068,-.064,.007,.058,.013
.403,.144,-.031,-.173,.008,-.298,.078,-.098,.114,-.029,-.043,.076,.016,.042,.021,.088,.028,.046,-.045,.045,-.124,.006,-.024,.015,.033
-.690,.088,-.222,.045,.080,.106,-.028,-.066,-.036,-.048,-.011,.013,-.030,-.064,-.153,-.013,.075,.044,.048,-.156,-.018,-.060,.030,-.049,-.051
-.396,-.185,.146,-.140,-.059,-.047,.179,.144,.068,-.043,.057,.121,-.024,-.194,-.023,-.012,-.007,.005,.093,.056,-.136,-.045,.011,.060,.053
-.626,-.244,.052,.082,.179,.037,.036,.069,-.004,-.077,.106,-.149,-.081,-.009,-.084,-.066,-.105,.203,.037,-.001,-.028,.001,-.027,-.099,.058
.579,.303,.144,.085,.024,-.078,-.008,.244,.025,.009,.012,.017,.003,-.044,-.060,.074,.111,-.033,.045,-.050,-.040,-.006,-.005,.084,.021
-.513,.388,.075,-.207,-.002,-.073,-.053,.044,-.087,-.056,.050,-.024,.013,-.033,-.077,.124,.135,-.037,.091,-.041,-.012,.003,.070,.072,.070
.105,.154,-.109,-.126,-.086,.022,.135,-.040,-.023,.168,.029,-.069,.008,.074,-.042,-.055,-.132,-.046,.026,.351,-.071,-.064,.046,.032,.033
.067,-.208,-.045,.166,-.181,-.232,.042,.334,-.125,-.105,.207,.084,-.128,.057,-.001,.037,.046,-.062,.011,.026,.099,.042,-.053,-.090,.126
.227,-.436,.003,-.062,-.023,-.051,.109,.008,.041,.188,-.048,-.055,-.053,.077,-.092,-.140,.012,.014,.046,.215,.059,-.080,-.142,.043,-.091
-.433,-.200,-.200,.159,-.006,-.070,.145,-.177,.086,.033,-.179,.022,-.028,.079,.162,-.060,-.030,-.048,.022,-.058,.069,.074,.014,-.020,.103
.583,.217,-.026,.163,.042,-.025,.025,.108,.131,.076,.229,.052,-.137,-.123,-.149,-.076,-.133,.077,-.031,-.019,.011,.050,.017,-.029,-.024
-.649,-.224,-.065,.036,.104,.065,.010,.235,-.073,.045,.192,-.008,.032,.066,.181,.106,-.173,-.187,.020,-.037,-.001,.037,-.014,-.031,.029
.450,.133,.048,.358,.090,-.173,-.090,.042,.070,.020,.104,.135,-.038,.060,-.025,.123,.126,.027,-.178,-.078,.030,-.055,.012,-.030,.098
.436,.110,.053,.066,-.136,-.038,.027,-.197,.156,.063,.177,.079,.029,-.096,-.018,-.179,.007,.026,-.077,-.067,-.020,.106,-.007,-.013,.171
.398,-.121,.173,.058,.020,-.104,-.004,.060,.082,-.255,-.085,.001,-.125,-.078,-.146,.133,.026,.093,-.008,-.047,.068,.067,.001,-.045,-.183
.080,-.142,-.020,-.087,.127,-.089,-.205,-.101,-.016,-.281,.054,.023,.080,.207,.058,.080,.069,-.036,-.178,.019,.057,.031,-.029,.022,-.029
.305,.067,.046,.085,-.195,-.065,-.053,.018,-.021,.123,.162,-.118,.075,.006,-.108,-.014,.005,-.017,-.088,-.111,-.038,-.046,.036,.241,-.091
-.072,-.323,-.102,.016,.173,-.093,-.054,.007,-.285,.238,.054,-.147,.082,-.128,-.067,.006,.066,-.007,-.009,-.105,-.088,.017,-.071,.077,.100
.022,-.207,.070,.011,.221,-.082,.018,.253,.055,-.209,-.053,-.131,-.037,.176,.106,.062,.021,.008,-.049,.115,.013,.000,.034,.045,.010
-.576,-.216,.205,.221,-.049,.041,-.009,-.139,-.024,.148,.009,-.032,.084,.000,-.015,-.035,.051,.037,-.025,.009,.075,-.046,-.002,-.033,.045
.313,-.176,-.053,.171,-.014,.016,.232,-.001,.117,-.021,.123,-.180,.102,.012,.028,-.050,-.043,.167,.098,.255,.063,.111,.078,-.022,-.044
-.086,.107,.256,-.062,-.064,.021,-.198,.037,-.018,-.127,.143,.031,-.135,.196,-.064,-.082,-.158,-.040,-.020,-.102,.202,-.120,.075,-.034,.119
.565,-.234,-.063,.056,-.053,.242,-.041,-.087,-.003,-.027,.036,.065,.018,.091,.071,-.042,.021,.041,-.027,-.043,.046,-.078,-.161,-.025,-.020
.449,.050,-.036,-.001,-.061,.019,-.108,-.013,-.018,-.021,-.222,.000,.000,-.104,-.174,.120,-.068,-.033,.081,.119,.017,-.015,.086,.172,.089
.419,.026,-.125,-.005,-.010,.004,-.221,-.147,.077,-.016,-.111,-.044,-.136,-.009,.038,.174,.127,-.073,-.086,-.043,.071,-.016,.189,.099,.085
.336,-.099,.060,-.066,-.091,-.159,-.216,.282,.117,-.036,-.004,.041,-.143,.058,.035,-.059,-.142,-.051,-.053,.060,.090,.085,.072,-.011,.048
.040,-.127,.102,.043,-.042,-.131,.114,-.086,.107,-.134,-.016,-.198,-.086,.239,-.055,.172,-.153,-.176,.096,-.074,.075,.070,.098,.153,.002
.271,-.097,-.080,-.061,.029,.032,-.155,-.002,-.102,-.106,.244,.100,.072,-.118,-.080,.022,.129,-.081,-.062,.058,.194,.092,-.112,.065,-.043
-.753,-.028,-.093,-.047,.046,.157,-.052,-.178,-.042,-.128,-.023,.139,.203,-.003,.129,.000,.029,.004,-.024,.104,.131,.023,-.001,-.012,-.036
.331,.104,.004,-.106,-.171,.139,.097,-.101,-.084,-.127,.283,-.206,-.146,-.041,-.053,.038,-.279,.062,-.084,-.008,.054,-.012,-.013,-.078,-.043
-.681,.041,-.041,.061,-.090,.202,.007,-.002,.054,.033,.026,-.042,.190,.134,-.047,-.088,-.139,.036,-.004,-.073,-.024,-.038,.060,-.054,-.007
.226,-.303,.035,-.217,-.191,-.037,-.036,-.004,.116,-.157,.114,.033,.120,-.012,.018,.053,.106,.046,-.004,.002,-.102,.105,-.073,-.061,-.082
.494,-.316,.013,.014,.048,-.023,-.059,.027,.071,-.028,.084,-.052,.069,-.008,-.122,-.034,.084,.058,.080,.004,-.171,-.039,-.060,.014,.053
-.707,.028,.299,-.156,-.153,-.070,.049,-.124,-.014,-.059,-.012,.059,-.046,.071,.074,-.023,-.096,-.063,-.054,-.001,-.029,.069,.045,-.030,.007
-.696,.182,.205,-.005,.203,.248,-.080,.069,.057,.052,.037,-.088,.038,-.014,-.010,.014,.027,.104,.043,.042,.018,-.004,.005,-.023,-.038
.274,-.124,.275,-.008,-.084,.013,-.126,-.115,-.184,-.074,-.217,.043,.097,-.095,.065,-.112,.128,-.098,.059,.064,.120,-.041,.021,.018,.010
,,,,,,,,,,,,,,,,,,,,,,,,