words,1,2,3,4,5,6,7,8,9,10,11,12,13,14,15,16,17,18,19,20,21,22,23,24,25
abhorrence,0.5865,0.2399,0.1311,0.0804,-0.0612,-0.0452,0.0719,0.0461,-0.1761,0.161,0.0925,-0.0029,0.1044,-0.0478,-0.1447,0.0579,-0.0052,0.1055,0.0485,-0.0297,0.058,-0.0649,-0.0351,0.0302,-0.0648
abnormality,0.1954,-0.021,0.0418,-0.1714,-0.049,-0.0595,-0.0881,-0.2372,-0.1415,-0.21,-0.2578,0.0509,0.044,-0.0841,-0.0492,-0.0049,0.0553,0.101,-0.0144,-0.2261,0.0478,0.0006,0.0178,0.0159,0.0047
acceptance,-0.5971,-0.1962,0.2437,0.1649,-0.0564,0.0588,-0.0029,0.0898,-0.0081,0.1372,-0.101,0.0049,0.0585,-0.0323,-0.1196,0.0538,0.0344,0.0004,0.047,0.0064,0.0115,0.0167,0.0738,0.0374,-0.0406
acknowledgment,-0.5596,-0.2203,0.2487,-0.1924,0.1145,-0.1122,-0.0825,0.2487,-0.0329,-0.0749,0.049,-0.0207,-0.0471,-0.1128,-0.0015,-0.0581,0.0336,-0.0521,0.0281,0.0785,-0.075,0.0885,-0.0025,-0.0046,0.0074
activeness,-0.5054,0.2441,0.0021,-0.0047,0.0035,-0.1106,0.1728,-0.2064,0.0208,-0.0867,-0.1009,-0.1861,-0.0083,-0.0822,0.0596,0.0932,0.1934,-0.1156,0.0179,-0.0442,0.0076,0.0432,-0.0061,-0.0198,0.074
adamancy,-0.1745,0.1032,0.0739,0.1203,0.0361,-0.0072,0.1927,0.1891,0.2595,0.0036,-0.0405,0.2047,0.1151,-0.1043,0.0538,0.0476,-0.0667,-0.1564,-0.0737,-0.0806,-0.1481,0.0112,-0.0009,-0.1391,-0.0494
admiration,-0.7336,0.0545,0.1424,-0.0253,-0.1396,0.1091,-0.009,0.1251,0.1053,-0.0873,0.0629,-0.1331,0.0646,-0.0289,-0.0665,-0.0611,0.0466,-0.0394,0.0503,-0.0192,0.0483,-0.0579,-0.049,-0.0763,0.0566
aggravation,0.4578,0.2376,-0.1006,-0.0183,-0.0146,-0.0384,0.1325,-0.1013,-0.1375,-0.0155,-0.1014,-0.0673,0.1345,-0.0148,-0.0706,-0.0311,-0.0169,-0.0944,0.1025,0.0618,0.0046,-0.0075,-0.0732,0.0285,0.0738
aggrievement,0.4255,0.0129,0.0044,0.2403,-0.2176,-0.0562,0.002,0.0192,-0.1729,0.0109,0.0371,-0.0973,-0.0911,-0.0885,-0.002,0.1214,-0.1072,-0.0039,-0.0495,0.0702,-0.0632,-0.009,0.0667,0.0576,0.1076
aghast,0.3885,0.2085,0.1323,-0.1748,0.1214,0.0298,0.0344,-0.1292,-0.1548,-0.0764,-0.1333,0.0679,0.1915,0.0185,0.0977,-0.2183,-0.0535,0.0218,-0.0312,-0.035,-0.0639,0.0406,-0.1538,0.0674,0.0487
agitation,0.4363,0.2117,-0.0897,0.0348,0.033,0.03,-0.0346,-0.1667,0.0505,-0.1237,0.0071,0.1268,-0.0247,-0.071,-0.0335,0.0172,0.0789,-0.0319,-0.2037,0.1381,-0.0867,-0.1019,0.1789,0.01,0.0102
agony,0.6221,0.0375,-0.0845,-0.0818,0.005,0.1014,-0.153,0.1774,0.0987,0.0118,-0.1007,-0.1371,0.0228,-0.1362,0.0114,-0.0283,0.0986,-0.008,0.0285,0.0404,0.0152,-0.0384,0.0672,-0.0185,-0.0709
agreement,-0.5616,-0.1523,0.1959,0.0871,-0.1267,-0.0114,-0.0554,-0.0432,0.0635,-0.0071,0.0149,-0.0821,-0.1745,-0.0395,-0.0455,-0.0452,-0.0222,0.0931,0.0992,-0.0716,-0.0246,-0.0608,-0.0745,-0.0133,0.0171
alarm,0.1541,0.1118,0.0869,-0.2775,-0.3234,-0.1057,0.1406,-0.1687,0.0604,0.1483,0.0021,-0.0398,-0.0154,0.0603,-0.0883,-0.0303,-0.0473,0.0922,-0.1411,0.1275,-0.2022,0.0418,-0.0479,-0.1769,0.0323
alertness,-0.4091,0.0231,-0.1319,-0.0632,0.1588,0.1401,0.2285,-0.0462,-0.0733,-0.1005,-0.0092,0.026,-0.0794,0.0775,0.0782,0.2057,0.1725,-0.1107,-0.1474,-0.1705,-0.1335,-0.0106,0.0639,0.0016,0.0058
amazement,-0.6901,0.2444,0.0107,-0.0101,0.2442,0.0039,0.0716,-0.1118,-0.1565,-0.157,0.0906,-0.0018,-0.0297,-0.0605,0.0226,0.0493,-0.0685,-0.0498,0.0166,-0.051,0.0417,0.0236,0.009,0.0271,-0.0533
ambivalence,-0.0659,-0.1946,0.0035,0.0315,-0.0922,0.0039,-0.0447,-0.0082,-0.0191,-0.1376,0.0213,-0.1303,-0.2541,0.0256,0.0069,0.0853,-0.0492,-0.0246,-0.099,-0.1392,0.0582,-0.0221,0.1934,0.006,0.0811
ambush,0.3651,0.466,0.108,0.0135,-0.1084,-0.1537,-0.0176,-0.2977,0.0261,0.1617,0.0867,-0.0434,-0.1049,-0.0281,0.0223,-0.122,0.082,-0.0735,-0.0462,-0.0722,0.0066,-0.0945,0.0114,-0.0202,-0.0059
amiss,0.1994,-0.0276,-0.0193,-0.0892,0.0887,-0.1313,0.1174,-0.0453,-0.0082,0.2087,0.2255,-0.0045,-0.0203,-0.1896,0.111,-0.0856,0.1442,0.0134,0.0477,0.0393,0.1168,-0.0342,-0.0302,0.1232,-0.0192
amusement,-0.7008,0.2569,-0.1432,-0.0033,0.1336,0.1268,0.0161,0.0117,0.0681,0.0108,-0.0294,-0.0855,-0.0052,-0.0452,0.0084,0.0401,-0.07,0.0225,-0.0073,-0.0155,0.0232,0.0046,0.0083,0.0595,0.0536
anger,0.5799,0.3162,0.0307,0.0525,-0.0913,0.0098,0.0557,0.0002,0.1417,0.0554,-0.0036,0.0041,0.0263,0.0421,-0.0391,-0.068,-0.034,-0.1016,-0.0065,0.0639,-0.0236,-0.0539,0.0368,-0.0368,0.0007
anguish,0.6041,-0.1521,0.0729,-0.0116,-0.092,0.1527,0.1056,0.0289,0.002,0.0318,0.0081,0.089,-0.1584,-0.1198,0.065,-0.0257,-0.1167,0.2246,-0.0503,0.0293,-0.0015,-0.1045,0.0967,0.0046,-0.0634
annoyance,0.4133,0.0505,0.1215,0.0263,-0.0166,0.0469,-0.0262,0.0719,-0.0686,-0.2405,0.0346,0.0499,-0.0425,-0.0475,-0.0094,-0.1163,0.0615,0.1689,0.0253,-0.0242,0.0782,0.0454,-0.1448,0.0618,-0.0019
anticipation,-0.4251,0.0652,-0.0276,-0.1984,-0.0687,-0.0074,-0.0055,-0.3332,0.0296,0.0917,-0.0715,0.0706,0.0344,0.0952,0.0475,0.1589,0.1274,0.0162,-0.0938,-0.1047,0.0254,0.0869,-0.0714,-0.0847,0.0251
anxious,0.2604,0.214,-0.1301,-0.2663,-0.0239,-0.0998,0.0615,-0.0661,-0.0148,0.0162,-0.0484,-0.0419,0.0577,-0.1255,-0.0502,0.0816,0.1341,-0.1769,-0.0396,-0.035,-0.0441,0.1801,-0.0664,-0.0758,-0.1505
apathy,0.1106,-0.273,-0.0017,0.1186,-0.2278,-0.0752,-0.0657,0.1429,-0.081,0.0205,0.0853,0.1008,-0.1114,-0.0736,0.0724,0.1579,0.1312,-0.0217,-0.0617,-0.065,0.1034,-0.1201,0.0054,0.0256,-0.0721
appeasement,-0.4251,-0.2733,0.1115,0.2969,-0.0249,-0.0588,-0.1114,-0.2098,0.0865,0.0103,0.0127,-0.0301,-0.137,0.0686,0.0118,-0.0187,-0.0136,-0.1102,0.0425,-0.0543,0.0249,-0.0254,0.038,0.0761,-0.0548
apprehension,0.2292,-0.1735,0.0443,-0.3352,-0.0581,0.2493,-0.0704,0.0525,0.0331,0.0703,-0.1437,0.0299,0.2207,-0.0609,-0.0343,0.0238,0.0786,0.1133,-0.1336,-0.0015,-0.02,-0.041,0.0043,-0.0687,0.0676
arousal,-0.5258,0.2368,-0.1992,0.1172,0.0101,-0.0211,0.2313,0.0508,-0.008,0.1466,0.0625,0.0068,0.0736,0.0183,-0.0196,0.0943,-0.0124,-0.061,-0.0178,0.0115,0.077,0.0103,0.0123,-0.0779,-0.0025
arrogance,0.2511,0.2396,0.0208,0.184,0.1335,0.0078,-0.0804,0.1526,-0.1521,-0.0252,-0.0586,0.1474,0.0469,0.0501,-0.0545,0.021,-0.0954,-0.1193,0.1078,-0.0242,-0.0951,-0.0576,-0.0002,-0.1831,0.0269
assured,-0.6526,-0.0014,0.1614,0.0026,-0.2129,0.0175,0.0034,-0.072,-0.1171,-0.0244,0.1697,-0.0994,-0.0383,-0.0107,0.0461,-0.0533,0.0146,0.0493,0.0019,-0.0546,-0.0862,0.0563,-0.0782,0.0733,-0.0333
astonishment,-0.492,0.2519,-0.1826,-0.1958,0.0489,0.0248,0.2029,0.0159,0.0047,0.02,-0.0505,-0.0745,0.0697,-0.0929,-0.07,0.1547,-0.0316,0.1835,0.1014,-0.0027,0.0543,-0.1025,-0.0203,0.0876,0.0571
astounded,-0.4568,0.2567,-0.1135,-0.3809,0.0438,-0.0561,0.1153,-0.0909,-0.0844,-0.0453,0.1013,0.0332,-0.0144,-0.1685,-0.0372,-0.0518,0.0012,-0.0885,-0.0168,0.0568,0.0233,-0.0206,0.0246,0.0404,-0.0268
attack,0.47,0.3901,0.1691,0.0323,-0.0265,-0.0979,-0.0252,0.0369,-0.0551,-0.0378,-0.1971,0.0139,0.0539,0.0525,-0.0547,0.1337,-0.0438,0.0811,0.0096,0.0602,-0.0188,0.1072,-0.0045,-0.0221,-0.0232
attentiveness,-0.6083,0.026,0.0009,-0.1376,0.0569,-0.199,0.2105,0.0275,0.1099,-0.1648,0.0656,0.0146,-0.0451,0.041,0.0092,-0.0134,0.0371,-0.0761,-0.0885,-0.0778,0.0753,0.0423,0.0033,-0.0292,-0.0846
attraction,-0.683,0.1587,0.0967,0.0519,0.0861,0.062,-0.0408,-0.0177,0.0062,-0.0781,-0.0977,-0.1622,-0.0787,-0.0924,0.037,-0.0521,-0.0563,-0.0677,0.0245,-0.06,-0.0288,-0.104,0.0535,0.0082,0.0045
aversion,0.4043,0.0745,-0.0345,0.0523,0.2046,-0.0624,0.1381,-0.0457,-0.1511,-0.1348,-0.2245,0.0545,-0.0075,-0.0009,0.1459,-0.0576,0.0435,0.0399,0.0795,-0.1362,0.059,-0.0258,0.1477,-0.0336,0.0276
awakeness,-0.5166,-0.0129,-0.1901,-0.0285,0.05,-0.1153,0.1745,-0.002,-0.0408,0.0296,-0.0354,-0.0716,0.1672,0.1339,-0.0859,-0.0261,0.0285,0.0065,-0.004,-0.1624,0.0761,-0.1348,0.0291,-0.0422,-0.0764
awareness,-0.5124,-0.0474,0.0995,0.1836,-0.0684,0.0204,0.1972,-0.0497,-0.017,0.0082,0.1235,-0.054,0.0791,0.0362,0.1503,-0.0823,0.1314,0.0288,-0.0886,0.0579,-0.0823,0.1214,-0.0372,0.0188,0.0885
awe,-0.6736,0.1313,0.0993,-0.2357,0.0207,0.0848,0.1542,0.248,0.0527,-0.0591,0.0366,-0.0047,0.1216,0.0297,-0.022,0.0026,0.0713,-0.0211,0.1247,0.0066,-0.057,-0.0138,0.0071,0.0109,0.0587
awfulness,0.5459,0.1811,-0.0529,-0.0381,-0.061,0.0574,0.0423,0.1352,-0.0804,0.0319,-0.009,-0.0674,0.1618,0.0535,-0.0056,-0.0576,0.1236,0.0646,-0.1128,-0.1605,0.0885,0.0321,-0.1133,-0.0391,0.0206
bad,0.5937,0.1268,-0.0111,-0.0172,-0.1631,0.0666,-0.0924,0.1056,-0.0523,0.0209,-0.0794,0.0597,-0.0747,-0.0628,-0.0041,-0.0508,-0.0643,-0.0084,0.0174,0.0944,0.187,0.1095,-0.0326,-0.0361,-0.0156
baffled,0.0879,0.0711,0.049,-0.1587,0.0628,0.0578,-0.1244,-0.1573,-0.0607,0.0463,0.0096,-0.0264,-0.2412,0.0077,0.1693,0.231,-0.0083,-0.0512,0.1399,0.1131,0.0237,0.0006,0.0185,-0.1695,0.0866
beatified,-0.5254,0.1072,0.117,0.0902,0.0692,0.1469,-0.0019,0.1168,0.0458,-0.1381,0.016,-0.0199,-0.0858,-0.1149,-0.2202,-0.0042,0.0457,0.0853,-0.06,-0.0297,0.0327,0.103,0.13,-0.0327,0.0293
befuddlement,0.1056,-0.1933,-0.2228,-0.2339,0.0497,0.0838,0.027,-0.1574,0.0532,0.0078,-0.1663,0.0642,-0.0554,0.0345,-0.0952,-0.1566,0.2621,0.1244,0.1178,0.058,0.0924,-0.0502,-0.0745,0.0405,-0.054
belittlement,0.3935,0.0874,0.0738,0.0781,-0.0233,-0.054,-0.0847,0.0055,-0.1306,-0.1479,0.1314,0.121,0.0831,0.0678,-0.0186,0.0534,0.118,-0.0003,0.0165,0.03,0.1179,-0.0393,0.1444,-0.0074,0.1391
belligerence,0.583,0.2936,-0.0457,0.1508,0.017,-0.0206,0.0389,0.089,-0.0328,0.0295,-0.1123,0.0493,0.079,-0.0107,0.0125,0.1327,0.1641,-0.066,-0.0623,-0.0306,-0.0039,0.1095,-0.0773,0.0143,-0.1079
bemused,-0.1938,0.1404,0.0126,-0.1991,0.1764,0.0796,-0.0556,-0.1203,0.0806,-0.0006,0.2615,-0.1423,0.1398,0.0036,0.1541,-0.0059,0.0767,0.1763,0.094,-0.1249,0.0325,-0.0679,0.041,0.0155,-0.1001
bewilderment,-0.0025,0.1401,0.0062,-0.22,-0.176,0.0662,0.1104,-0.2192,0.0239,-0.0319,-0.0037,0.0905,0.0758,-0.01,0.0418,-0.1489,0.0623,-0.0216,-0.0319,-0.0798,0.0779,-0.1237,0.1399,0.1065,-0.1009
bipolarity,0.1008,-0.0099,-0.2106,0.0692,0.0022,0.0817,-0.0072,-0.2649,-0.0856,0.0643,-0.0095,-0.1737,0.0568,-0.1125,0.0572,0.1017,0.1234,0.1245,-0.0383,0.0759,-0.1841,0.0629,0.1622,-0.1251,-0.1246
bitterness,0.5411,0.0881,0.0143,0.0293,0.189,-0.1129,-0.0298,-0.0101,-0.0966,0.0548,0.0951,0.1129,0.0976,-0.02,-0.0425,-0.0066,-0.0516,0.0749,-0.0206,0.0963,0.1275,0.0984,0.0171,-0.1027,-0.1511
blank,0.0219,-0.4219,-0.0804,-0.0166,-0.0961,-0.0862,0.0087,-0.014,0.0375,-0.0742,0.0469,-0.0615,-0.1203,0.0841,-0.152,0.0178,0.1958,-0.1078,-0.0514,0.0918,0.1072,-0.1439,-0.1332,0.0767,-0.0998
bleakness,0.4462,-0.3369,-0.1538,0.0015,0.0324,0.0537,0.0116,0.0654,0.0742,0.0009,0.1557,0.1053,0.117,-0.0414,0.1367,-0.1622,-0.0958,-0.0687,-0.0003,-0.133,0.0304,-0.0339,-0.14,-0.0066,-0.0011
blessedness,-0.7844,0.0053,-0.0044,0.0282,0.017,-0.0256,-0.0274,-0.1222,0.027,-0.0101,-0.0224,0.0483,0.0619,-0.0756,-0.1915,-0.0295,0.0423,0.081,0.2486,0.0089,0.0663,0.1319,-0.1779,0.0958,0.0203
blues,0.4187,-0.2485,0.0136,0.0462,-0.1003,-0.096,-0.0482,-0.0039,-0.1914,0.0474,-0.0705,-0.1634,0.1435,-0.1386,-0.1737,0.0826,-0.0886,-0.0508,-0.0454,-0.1446,0.0195,-0.0913,-0.1226,-0.027,0.1482
bombshell,-0.1588,0.3828,-0.1694,-0.1157,0.018,-0.2035,0.1869,0.1623,0.1511,0.0369,0.0243,-0.1559,0.0748,-0.1705,0.0332,0.2422,-0.0187,0.0601,0.0187,-0.0516,0.0265,-0.0748,-0.1329,0.0056,-0.0114
boredom,0.1271,-0.4649,-0.1619,-0.0443,-0.0087,-0.0283,0.013,0.1109,0.0509,-0.0298,0.0391,0.1594,-0.118,-0.1233,-0.0529,-0.0776,-0.0096,-0.0354,-0.1409,-0.1223,-0.2474,0.0419,-0.0168,0.0319,-0.0352
braggadocio,0.0254,0.1711,-0.2111,0.2021,0.2487,0.1703,0.0677,-0.2244,0.1902,0.0376,0.073,0.1386,-0.129,0.0245,0.0402,0.0177,-0.0662,-0.1184,-0.0706,-0.0208,-0.1002,-0.1116,0.0113,-0.0121,-0.0049
bummer,0.405,-0.2976,0.0728,0.0749,-0.1939,0.0994,-0.0446,-0.0957,-0.0701,-0.0699,-0.0644,0.054,0.0952,-0.0405,0.1499,0.0453,0.0264,-0.1446,0.0437,-0.0821,0.0422,0.0408,0.088,-0.0921,0.0593
burdened,0.3008,-0.173,0.0182,0.1144,0.0243,0.1932,0.1875,-0.1702,0.1266,-0.0293,0.0561,0.0407,0.2205,0.0384,-0.055,0.0932,-0.0882,0.2248,0.177,0.0457,-0.008,-0.0643,0.0893,-0.0182,0.0566
burn,0.2743,0.2232,0.2573,0.129,-0.0873,-0.1194,0.0262,0.0422,-0.2058,0.1316,0.0299,0.0786,-0.1259,-0.1455,0.0669,-0.0775,0.1608,-0.0412,-0.1009,-0.1192,0.0582,0.0075,0.028,0.1028,0.0926
calculation,-0.1922,-0.0163,0.2664,0.2169,-0.0186,-0.1667,-0.0168,0.0095,0.1588,0.0733,0.132,0.0019,0.1095,0.0198,-0.1209,-0.1038,-0.0512,-0.0359,0.225,-0.0234,0.0041,-0.0226,-0.1186,0.1082,0.0724
callousness,0.458,0.1245,-0.0661,0.0687,0.0098,0.0209,0.0805,0.1087,0.0436,-0.1383,0.0209,-0.178,-0.162,0.0922,0.2731,-0.053,-0.0974,-0.0428,0.0427,0.0646,-0.101,0.0696,-0.0319,0.0037,0.0658
calm,-0.6013,-0.3607,0.0052,-0.1395,0.1698,-0.1949,0.061,-0.0328,0.0172,0.0185,-0.0095,0.0298,0.1611,0.0151,0.1579,0.1018,0.112,0.0157,0.1103,0.0754,-0.0797,-0.0845,0.0383,-0.0423,-0.0266
calmness,-0.5908,-0.3405,-0.0072,-0.0549,-0.0348,-0.2347,-0.0661,0.1872,0.0361,-0.0215,-0.1333,0.0873,-0.0472,0.0085,-0.0318,0.0874,-0.0829,-0.0237,-0.0059,-0.0166,0.0325,-0.077,-0.0406,-0.052,0.0146
capriciousness,-0.1943,0.2078,-0.4455,0.0328,0.1969,-0.1373,-0.0178,0.0814,-0.0815,0.049,-0.0573,-0.0893,-0.0754,0.0658,0.023,0.0001,0.0842,0.0222,-0.1212,-0.0232,-0.0626,0.0396,0.053,0.0223,-0.0149
casualness,-0.3937,-0.2888,-0.0657,0.1367,0.074,-0.1885,-0.1255,-0.0112,0.0507,0.0286,0.0337,-0.0499,0.0335,-0.0172,0.0997,0.0189,-0.0057,-0.0484,-0.0763,-0.1265,-0.0261,0.1243,-0.0815,0.0662,-0.0241
caution,0.093,0.0388,-0.1219,0.1089,-0.2424,-0.1266,-0.1957,-0.2406,-0.0919,0.0407,0.1101,-0.0678,0.0968,-0.0246,-0.1891,0.1048,-0.021,0.0951,-0.1032,-0.2308,0.0711,0.0935,0.0722,0.0699,0.0374
celebration,-0.7302,0.2951,-0.0579,-0.0617,0.0294,0.2082,0.0224,0.0178,0.0186,0.0848,0.0366,-0.0011,0.0504,-0.0024,-0.0883,-0.0131,-0.0756,-0.0216,-0.0683,0.0029,0.0333,0.0401,-0.0143,-0.0378,0.0744
chagrin,0.2456,0.127,-0.0411,-0.0434,-0.1169,0.2195,-0.148,0.0049,0.0586,0.209,-0.1313,-0.0074,-0.099,0.0478,0.0688,-0.0495,-0.1328,0.1376,0.2019,0.0407,-0.1225,-0.0024,-0.0734,0.0481,0.0767
change,-0.2074,0.0203,0.0372,-0.0354,-0.2008,-0.0586,-0.0345,-0.2528,0.0651,0.044,-0.0883,0.1671,0.0796,-0.1157,0.1539,0.1755,-0.0619,-0.0948,-0.0397,-0.0477,-0.0642,-0.0503,0.0268,-0.038,-0.0222
charge,0.0512,0.312,0.1823,0.0489,-0.0029,-0.1771,0.0619,-0.0471,0.0372,0.0005,-0.1088,0.0218,-0.0343,-0.0327,0.1134,0.0508,0.0402,-0.0831,0.0006,0.0788,0.2123,0.0766,0.0647,-0.0558,0.086
charm,-0.697,0.2211,0.0148,0.0854,-0.0949,0.0472,-0.0101,0.09,-0.0766,-0.0404,0.0033,-0.1118,0.0279,0.0483,0.0876,-0.1127,0.0185,0.0707,-0.028,-0.0557,-0.0817,-0.077,-0.0054,0.0342,-0.0041
cheer,-0.7629,0.2034,-0.0874,-0.0365,0.0027,0.1184,-0.0485,0.1717,-0.0481,0.0527,-0.0751,0.0807,-0.0365,-0.0159,-0.0506,-0.0437,-0.0844,-0.0049,-0.0432,-0.0129,0.0585,0.0577,0.0075,-0.0072,0.0521
cheerful,-0.7191,0.091,-0.0609,0.1024,-0.0632,0.1999,-0.0228,0.1795,-0.0725,0.0011,-0.0096,0.0753,-0.0287,0.0088,0.0863,-0.0095,0.0228,0.0614,-0.0126,0.032,-0.049,0.0077,-0.0256,0.0822,-0.0079
cheerfulness,-0.7415,0.1572,-0.0377,0.024,0.0427,0.0907,-0.1947,-0.2264,-0.123,0.0838,-0.005,0.0905,0.0663,-0.0094,0.0531,-0.0528,0.0258,-0.1051,0.003,0.0007,-0.0311,-0.0026,0.0718,-0.0214,-0.0246
clownish,-0.3007,0.1626,-0.345,0.172,-0.1072,-0.1633,0.0392,0.203,0.0205,-0.2584,0.0576,-0.1791,0.0186,0.0222,0.0647,-0.0352,-0.1037,-0.0193,0.0438,-0.0418,0.0449,0.0214,0.0355,-0.1414,-0.0124
cockiness,0.151,0.2686,0.0689,0.251,0.2511,-0.0059,-0.07,0.1712,0.1622,0.1711,-0.1125,0.0582,-0.1119,0.0825,0.0908,-0.111,-0.0269,-0.1105,0.0036,-0.0111,-0.0326,0.049,0.0531,-0.1523,-0.1081
coldness,0.3874,0.0496,-0.2066,0.0379,0.259,-0.013,0.0725,-0.0216,0.2203,0.1566,0.1165,-0.0164,0.1715,0.1046,-0.0853,-0.1202,0.0903,-0.0879,-0.1355,-0.0089,-0.04,-0.0312,-0.0122,0.068,-0.037
comfortable,-0.6542,-0.1472,0.0498,0.0658,-0.2808,-0.085,-0.0706,-0.1132,0.0689,0.0699,-0.0156,-0.0069,0.0542,-0.0362,0.116,0.035,0.0779,-0.0963,0.0299,0.0454,-0.0543,-0.0895,0.0264,-0.0146,-0.0068
comicality,-0.6107,0.135,-0.1428,0.0302,0.063,-0.1342,-0.0354,0.2929,-0.0802,-0.0142,-0.0841,0.0004,0.0065,-0.0897,0.0487,-0.0926,0.0166,0.1441,-0.024,0.0252,0.0277,-0.0255,0.0106,0.0137,-0.051
complacency,-0.2393,-0.0788,-0.1365,0.1515,0.0071,-0.22,-0.1579,0.0221,-0.0962,0.0441,-0.0379,0.1005,-0.0022,-0.0236,-0.1262,0.0215,0.0855,0.0459,-0.1645,0.1059,0.0057,-0.0045,-0.0695,-0.1507,-0.0142
completion,-0.5355,-0.1505,0.218,-0.1096,-0.1377,0.0444,0.2376,0.1776,0.0107,0.0362,0.0632,0.1086,-0.0691,-0.0188,-0.0457,0.0982,-0.1066,-0.0489,-0.1516,0.0936,-0.0833,0.0042,-0.0419,0.0535,0.1195
complexation,-0.1465,-0.0637,-0.282,-0.1064,-0.109,0.0809,0.0135,-0.1355,-0.1373,0.0201,0.0122,0.2566,0.0324,0.1678,0.0939,0.0027,-0.2022,-0.1722,0.1353,-0.0443,-0.1228,-0.0131,-0.0903,0.1637,0.1217
composed,-0.564,-0.21,0.0709,0.0891,0.0299,-0.1177,-0.0963,-0.0325,-0.0878,-0.0497,-0.0521,0.0074,0.0621,-0.0072,0.0358,-0.0077,0.0787,0.0334,-0.0506,0.1179,0.0348,0.0726,-0.0168,-0.0364,-0.0164
compression,-0.009,0.1139,0.0984,0.0405,0.0455,0.1081,0.0883,0.0557,0.0095,0.0717,-0.2223,0.082,0.0044,0.0341,0.1721,-0.305,-0.0204,0.1187,0.0433,0.1362,0.0491,-0.025,0.1159,-0.0279,0.0169
concern,-0.0997,0.0253,0.2613,0.049,0.1179,-0.1381,-0.0546,-0.0384,0.0633,-0.0569,-0.0696,-0.0514,0.0693,-0.1557,0.2547,-0.0173,0.1859,-0.1641,0.0033,-0.172,0.0686,0.037,-0.0648,0.1065,-0.1184
concession,-0.1431,-0.2363,-0.1262,-0.0073,-0.0775,-0.0175,-0.0378,-0.0371,0.0959,-0.01,0.0009,-0.1704,-0.0846,0.0689,-0.0966,0.1327,0.0432,0.1585,-0.1242,0.1907,0.0931,0.0287,0.083,0.0572,-0.0862
condescension,0.3592,0.1606,0.0111,-0.046,-0.003,0.0623,0.0187,0.1998,-0.0268,-0.1897,-0.1266,-0.0511,-0.0385,-0.0337,0.0308,-0.0068,0.0806,-0.1619,-0.1853,0.0862,0.1655,0.0662,0.1199,0.0451,0.0138
confidence,-0.6385,-0.0958,0.0735,-0.1593,-0.1601,0.0865,0.1441,-0.047,0.0967,0.0988,-0.0166,0.2036,0.0441,-0.1376,0.082,-0.1832,0.0391,-0.0718,-0.1087,0.0169,-0.0858,-0.0476,-0.0219,-0.0426,0.0061
confusion,0.042,0.0946,-0.0594,-0.0636,-0.1467,0.0787,0.0622,-0.1756,0.0208,-0.2545,-0.1046,-0.2283,0.0161,-0.2038,0.0028,-0.0096,-0.0279,0.1481,-0.0856,0.0706,-0.0829,0.1847,-0.002,0.0481,-0.145
contempt,0.4791,0.1639,-0.1037,0.2087,0.0204,-0.0623,0.0726,0.0085,-0.0905,-0.136,0.0114,-0.0614,0.1455,-0.075,-0.1661,0.0957,-0.1386,-0.0445,-0.0718,-0.0043,-0.1193,0.1304,0.0234,0.0508,-0.0359
content,-0.6265,-0.0943,-0.0425,0.0068,-0.0755,0.044,0.1527,0.1428,0.1324,0.0455,-0.0201,0.0936,0.0415,0.0151,0.1464,0.021,0.0798,0.126,-0.0048,0.0287,-0.0173,0.0773,-0.0989,-0.1012,-0.0529
coolness,-0.3576,-0.2901,0.0702,0.0737,-0.2021,-0.3591,0.1548,0.0489,-0.0086,0.0611,0.0974,0.1374,0.009,0.0832,0.1313,0.1499,0.0455,-0.0137,0.1286,-0.0444,0.0223,-0.0565,0.015,0.0014,-0.0334
criticism,0.2243,0.0745,0.0499,0.2747,-0.0689,-0.1566,0.1405,0.0324,0.0859,0.1332,-0.0409,0.0722,-0.0982,0.0253,0.1109,0.0746,-0.1875,0.1852,-0.048,-0.0938,-0.1523,0.0102,0.0077,0.0505,0.0353
cruelty,0.5136,0.4142,0.038,-0.0457,0.0755,0.087,0.2204,-0.0166,0.089,0.0709,-0.0577,0.0072,0.0484,0.1018,-0.0873,0.0614,-0.073,0.0305,-0.0204,0.1093,0.022,-0.0885,-0.0463,-0.1074,0.0396
crush,0.2753,0.3006,0.0821,-0.1557,0.0248,-0.1492,-0.02,0.028,0.0016,-0.126,0.1211,-0.0253,-0.2639,0.0997,0.0848,-0.0138,-0.0839,0.2289,0.036,-0.099,0.0191,-0.0539,0.0526,-0.1494,0.0967
curiosity,-0.4916,0.1488,0.1429,-0.0075,0.0118,-0.1925,-0.0095,-0.0225,0.2331,-0.1566,-0.039,0.0335,0.19,-0.0903,-0.0141,0.076,-0.0377,0.0381,0.024,0.0165,0.0227,-0.0409,0.0956,0.0789,-0.0635
cuteness,-0.6652,0.1406,0.1244,-0.1539,0.0634,0.1045,-0.1249,0.0318,-0.215,0.1165,-0.1273,-0.0779,0.0557,-0.0504,-0.062,-0.0064,0.0561,-0.0995,-0.0259,-0.0213,-0.0392,-0.0718,0.0418,-0.0824,0.0148
cynicism,0.3508,-0.0637,0.1212,0.2551,0.0793,0.0902,0.0507,0.0342,0.0761,0.0138,0.0211,0.0955,0.0613,0.065,-0.152,0.0387,-0.0468,-0.1045,-0.176,-0.2123,-0.077,-0.0216,0.0365,-0.02,0.0225
danger,0.5437,0.1166,0.0949,-0.1118,-0.0162,-0.0527,-0.0011,0.0505,0.1735,0.1317,-0.0863,0.171,-0.1739,-0.0401,0.0421,0.0442,0.0021,-0.1405,-0.1451,0.0801,0.1024,0.1616,-0.0195,-0.0777,0.0225
darkness,0.6819,0.0243,-0.1022,-0.0178,0.0306,0.1231,0.0283,-0.1653,0.0575,0.1269,0.163,-0.0715,0.0332,0.1604,0.1033,0.1382,-0.1165,0.1107,0.0763,0.0362,0.0632,-0.0071,-0.0018,-0.0625,-0.0157
dazzle,-0.6912,0.2722,-0.0183,0.0285,0.0625,-0.0201,-0.0675,0.0156,-0.0151,0.0803,0.0227,0.1421,-0.0332,-0.0267,-0.0812,0.0905,-0.0514,0,0.0238,0.009,-0.0213,-0.0391,-0.0019,0.0592,0.0704
deadpan,-0.047,-0.4049,-0.0598,0.0111,0.0201,-0.0636,0.0256,0.0582,0.1075,-0.0094,-0.0536,0.0421,-0.0327,0.097,0.0166,0.1933,0.1942,0.0515,0.0599,0.1748,0.0172,-0.0254,0.169,0.0846,0.062
deception,0.3141,0.1386,0.1209,-0.1408,0.0543,0.0026,-0.0548,0.0499,-0.0442,0.1124,0.1672,0.0581,0.0922,-0.0243,0.0747,0.1623,0.0726,-0.1183,-0.1007,-0.1031,-0.0061,0.0597,0.0234,0.0988,0.1288
defeat,0.4078,-0.1691,0.1186,-0.159,-0.0615,0.1307,-0.013,0.0951,0.0272,0.0717,-0.0689,-0.0075,-0.144,-0.0978,0.0372,-0.1415,0.1237,0.1027,0.1278,-0.0773,0.0217,-0.0576,0.099,0.0286,0.0999
defiance,0.3268,0.1246,0.1905,-0.0653,0.0475,-0.1643,-0.0365,-0.0187,-0.0111,-0.1155,0.2624,0.0845,0.0086,0.3107,0.0475,-0.0164,0.0688,0.0381,0.1978,0.1574,-0.0173,0.0077,-0.0577,0.1048,-0.0987
deflation,0.395,-0.3016,0.2256,-0.0891,0.0573,0.1919,-0.0935,0.0922,0.0946,0.156,0.0659,0.0863,-0.0878,0.0129,-0.0084,0.0357,0.0332,0.0434,-0.0612,-0.1595,-0.0135,-0.0239,-0.0151,-0.0041,0.0124
dejection,0.4769,-0.1641,-0.0709,-0.1491,-0.009,0.0162,-0.029,0.0017,-0.2397,0.0742,-0.1512,0.0078,0.0137,-0.1697,0.0426,-0.0638,-0.0401,0.0124,0.0737,0.0842,-0.0804,-0.1651,0.0747,-0.0973,-0.0184
delicacy,-0.3947,0.0022,0.1156,0.044,0.1143,-0.0806,-0.0291,-0.0433,0.0247,0.1921,0.0713,-0.3401,0.1944,-0.1684,0.0624,0.0127,0.189,0.1043,0.0397,0.016,-0.1002,-0.0278,-0.0691,-0.0172,-0.021
delight,-0.7923,0.0836,-0.0454,0.1008,-0.0387,-0.0066,-0.0288,0.0004,0.0205,0.0128,-0.0172,0.0631,-0.1056,-0.0311,0.1871,0.0781,0.0742,0.041,-0.051,0.1838,-0.0301,0.2229,-0.0095,0.023,0.057
depression,0.4795,-0.3727,-0.0974,-0.0071,-0.1624,0.1388,-0.0233,0.1726,0.1009,0.0925,0.0806,-0.1231,0.0833,0.0209,0.047,0.0438,-0.0018,-0.1147,0.1114,-0.0364,-0.053,-0.091,0.0248,-0.0085,-0.0129
derision,0.357,0.1926,0.035,0.2296,0.0552,0.1194,0.1423,0.0413,0.217,0.0299,-0.0491,-0.0134,0.0178,-0.1975,0.0568,0.0605,0.0849,0.0527,-0.0427,0.1279,0.0667,-0.0306,0.0953,-0.0543,-0.0206
desolate,0.5118,-0.2319,-0.0682,-0.1039,0.0451,0.11,-0.0846,0.0568,-0.034,0.1158,0.1488,0.0078,-0.0408,-0.0095,-0.0309,-0.0073,0.0846,-0.0915,-0.0216,0.0109,-0.1375,-0.033,-0.1145,-0.0499,0.0187
despair,0.5826,-0.2772,0.001,0.148,-0.0669,-0.1489,0.0134,0.0365,-0.0315,0.0256,-0.0676,0.0579,-0.0231,0.0211,-0.0403,-0.0663,-0.123,0.1208,-0.0019,-0.1713,-0.0299,-0.0229,0.0747,-0.0037,-0.0865
despondent,0.5373,-0.314,-0.1258,0.0061,0.0299,-0.0793,0.0385,0.0157,-0.1866,-0.0544,0.0504,-0.052,-0.1927,-0.054,-0.1472,0.0636,0.0511,-0.0516,0.0385,-0.0257,0.0225,0.1177,-0.0382,0.0218,0.0949
detachment,0.1904,-0.3094,0.1405,0.1083,-0.2556,0.0431,-0.1188,-0.0369,0.052,-0.1134,0.059,0.1408,-0.0356,0.0764,0.0634,0.0759,0.0891,-0.0263,-0.1,0.0221,0.0779,-0.055,0.0342,0.0793,0.0783
deterioration,0.3711,-0.1383,0.0565,-0.2129,0.2591,0.0293,0.197,0.0293,0.1087,0.0595,-0.0885,-0.008,-0.0378,-0.1293,-0.0644,-0.0993,0.0473,-0.0956,-0.0876,-0.0792,0.0219,0.0281,0.1643,-0.0299,-0.0322
determination,-0.4765,-0.018,0.2618,0.1443,-0.0455,0.0924,0.2975,-0.0699,-0.0601,0.073,-0.1308,0.0549,-0.0084,0.0567,-0.0878,0.0071,-0.0203,-0.0442,-0.0264,0.006,-0.0227,-0.0039,-0.0858,-0.0399,0.0519
detestation,0.5229,0.2945,-0.0151,0.0692,0.1136,-0.0751,0.0808,-0.0159,-0.078,0.1775,-0.0278,-0.0416,0.0378,-0.1061,-0.1508,-0.0936,-0.0227,-0.0165,0.1418,0.063,-0.1065,0.0847,-0.0014,0.0372,-0.0072
devastation,0.5264,0.0111,0.0733,-0.1641,-0.0875,-0.1331,-0.0705,0.2528,-0.109,0.1004,0.1995,-0.0496,-0.0623,0.1377,-0.0255,-0.0117,-0.0166,0.107,0.0438,-0.0529,-0.0367,0.024,0.1429,-0.0111,0.0503
diffidence,-0.1176,-0.3899,-0.1227,0.1462,-0.0498,-0.0989,0.1786,0.0549,0.1404,-0.016,0.1028,-0.0338,-0.0974,-0.051,-0.0961,-0.0509,-0.0362,0.0304,0.1618,0.1054,0.1543,0.0133,-0.0639,0.0341,-0.0532
disappointment,0.4541,-0.2781,0.0953,0.046,0.0379,0.0149,-0.0637,0.039,-0.1148,0.1131,-0.1714,0.0439,0.0838,-0.0415,-0.0204,-0.0783,0.1187,-0.0012,-0.0349,0.012,0.0338,0.0517,-0.018,-0.0591,0.0139
disapproval,0.4202,-0.0384,0.1221,0.006,0.1919,0.018,-0.1897,0.0809,0.1366,-0.1059,0.1434,-0.0238,0.077,-0.1508,-0.0174,0.1059,-0.0604,0.0769,0.078,0.0132,0.1145,-0.048,0.0427,0.0524,0.0482
disbelief,0.2158,0.0852,-0.237,-0.1276,0.0719,-0.0315,0.1918,-0.2509,-0.2486,0.039,0.0932,0.1066,-0.1427,0.0256,0.1617,-0.0244,-0.1153,0.0987,0.0423,0.0337,-0.0277,-0.0745,0.0427,0.0581,0.1411
discomfort,0.4518,-0.0337,0.1559,-0.0306,0.0484,0.2919,-0.0203,-0.166,0.0858,-0.0983,-0.0039,-0.0682,0.0799,0.0696,0.1521,-0.0099,-0.087,0.0094,-0.0881,-0.0993,0.0227,-0.005,-0.079,-0.0181,-0.0233
disconcert,0.2291,0.0673,-0.3169,-0.043,-0.1186,-0.1013,-0.036,-0.1216,-0.0096,0.0459,0.0676,0.065,0.2104,-0.0667,-0.0063,-0.0835,0.0166,-0.0612,0.1986,-0.0969,0.0239,0.0382,-0.07,0.0921,0.024
discontent,0.412,-0.2149,0.0358,-0.0147,0.0594,0.0253,0.0802,0.0865,-0.0928,0.1222,-0.0628,0.073,0.1367,0.0782,-0.0352,0.0171,0.0756,-0.018,0.0773,0.0358,-0.0072,0.117,0.0145,0.0741,-0.0411
discouragement,0.3714,-0.152,0.0719,-0.0911,0.0293,-0.0121,-0.0774,-0.0553,-0.033,0.0962,-0.1679,0.093,0.0957,-0.0031,-0.0111,0.0627,-0.3459,0.0429,-0.1085,-0.0731,0.0771,0.126,0.0189,0.0832,0.1307
disdain,0.4421,0.032,0.028,-0.0458,0.1087,-0.1363,0.0795,-0.182,-0.1569,-0.0659,-0.04,0.0234,-0.0511,0.1298,-0.1672,-0.0501,-0.0343,-0.042,-0.0084,-0.0341,0.0347,-0.019,-0.0331,0.1404,0.0476
disgruntled,0.4152,0.054,0.1529,0.1168,0.0425,0.1023,-0.0074,-0.0507,-0.0063,-0.2223,-0.0624,0.1009,0.1815,-0.0538,0.0779,0.0226,0.0014,0.1316,-0.1619,0.066,0.0644,-0.0512,-0.0109,-0.0137,-0.0691
disgust,0.5977,0.1314,0.0191,0.0785,0.0662,-0.1232,0.089,0.1976,-0.0921,-0.1775,0.1326,-0.1168,0.1338,-0.0161,0.1748,0.0014,0.1207,-0.0423,-0.0613,-0.0039,0.007,-0.051,-0.0473,0.0472,0.0987
disheartened,0.4133,-0.3065,-0.0531,0.0052,-0.0889,0.2026,0.1305,0.0497,-0.1084,-0.1128,-0.008,0.1658,0.0262,-0.1571,-0.0021,-0.0611,-0.0453,-0.1196,0.0054,-0.0049,-0.0536,-0.0565,0.0516,-0.0918,-0.0779
disinterest,0.1101,-0.3616,-0.0486,-0.0109,0.0698,-0.0822,-0.0788,-0.1592,-0.0079,-0.1027,-0.1489,-0.0062,0.0587,0.1183,0.3367,0.1116,0.0306,0.0342,0.0121,-0.0959,-0.1364,-0.0169,-0.0638,0.0921,0.0999
dislike,0.4167,0.0364,-0.0438,-0.0192,0.1155,0.04,0.319,-0.1031,0.0141,-0.236,-0.0102,0.0386,0.135,0.0607,0.0222,0.0444,0.0495,0.0481,0.1453,-0.0362,0.0277,-0.1249,0.0291,0.026,0.0718
dismalness,0.5752,-0.1563,-0.1252,-0.0734,-0.1313,-0.0238,0.0687,-0.004,-0.0363,-0.0081,0.2106,-0.0691,-0.0228,0.0149,0.0577,0.0426,-0.021,-0.1196,0.0316,0.018,-0.1236,0.0422,0.0204,-0.0364,-0.0323
dismay,0.4153,-0.2017,-0.0603,-0.1292,-0.0387,-0.0942,-0.0592,-0.0905,-0.0286,-0.0511,-0.0381,0.0013,0.0431,-0.0152,-0.0516,0.0396,0.0897,0.0566,-0.0563,0.0619,-0.0689,-0.1523,-0.1807,0.1507,0.0512
dismissive,0.3336,0.0006,-0.068,0.0048,0.3292,0.0147,-0.0906,-0.0224,0.0955,-0.103,0.0908,0.0302,-0.0298,0.0602,0.0519,-0.1764,-0.0427,-0.0706,0.0386,-0.1383,-0.0221,0.1499,0.1324,0.016,0.0705
dispiritedness,0.399,-0.2307,0.0118,0.0592,-0.1625,0.0563,0.1789,0.0867,0.0944,-0.1737,-0.0968,0.0585,-0.1165,-0.0462,-0.0475,0.0349,-0.0923,0.1506,0.0917,-0.0427,0.0487,0.0396,-0.0203,-0.0244,-0.025
displeasure,0.4792,-0.1392,0.0715,-0.0437,-0.0622,0.07,-0.0586,-0.0432,0.1004,-0.0573,-0.1409,-0.1171,0.1722,-0.1081,0.136,-0.0264,-0.055,-0.0988,0.0626,-0.1065,0.0374,-0.0243,-0.0177,-0.0319,0.0284
disregard,0.3025,-0.0452,-0.1444,0.1478,0.1221,-0.0403,0.0085,-0.0984,-0.2145,0.0155,-0.062,-0.034,-0.0349,0.2658,0.1381,-0.1298,0.0708,-0.0016,-0.1891,-0.0904,0.0217,0.0054,0.1092,-0.0608,0.0035
dissatisfaction,0.44,-0.04,-0.1175,0.1303,-0.0588,-0.0384,0.1034,-0.1405,-0.0037,-0.1439,0.03,0.1608,0.0098,-0.0855,0.0725,-0.0554,0.0214,-0.0423,-0.2069,-0.0392,0.043,-0.0135,-0.1518,0.0147,-0.0617
distaste,0.4094,-0.1004,0.1044,0.0919,0.1185,-0.0994,0.0003,0.0175,-0.0662,-0.0582,-0.1548,0.0886,0.1591,-0.0457,-0.0544,-0.0789,-0.2365,-0.051,0.0218,0.1161,0.0033,-0.0656,0.0879,-0.0174,-0.1285
distress,0.456,-0.0117,0.1079,-0.0689,-0.1473,-0.0572,-0.1648,0.0001,0.0151,-0.0961,0.0176,-0.0891,0.1588,0.0441,-0.0744,-0.0813,0.0429,0.0226,-0.0907,0.0526,-0.1598,0.0273,0.1313,-0.0503,0.0466
distrust,0.3898,-0.0319,0.0654,-0.0988,0.1186,-0.1894,-0.0612,-0.0938,-0.2472,-0.0212,-0.0249,0.0393,-0.1377,-0.0417,0.0397,0.1348,-0.0993,-0.0163,-0.0943,0.1732,-0.0348,-0.0157,-0.1351,0.0511,0.1043
disturbance,0.346,0.0101,0.0373,0.0676,-0.1563,0.038,0.1225,0.0828,-0.0131,-0.0262,0.2342,0.0418,0.0981,-0.094,0.0012,0.0129,0.1584,0.1294,0.0943,-0.1199,0.0076,-0.0677,-0.1105,0.0557,0.0306
dizziness,0.1288,0.0857,-0.0097,-0.1059,0.0162,-0.2083,-0.2362,0.0555,0.2384,-0.1137,0.1088,0.0231,0.0272,-0.132,-0.189,0.0243,0.0516,-0.1096,-0.0332,-0.0595,0.0807,0.1593,-0.0334,0.0408,0.1097
doubt,0.2152,-0.2385,-0.1262,0.0766,-0.0096,0.1373,-0.1567,-0.1003,0.27,-0.1915,0.0135,0.0437,-0.0494,-0.1332,0.138,0.03,-0.1697,0.068,-0.0288,-0.0385,0.0119,0.1085,-0.0251,0.0177,0.0361
dread,0.4253,0.1194,-0.1948,-0.1558,-0.3325,-0.1342,0.1441,0.0886,-0.0682,0.0262,0.0453,-0.1055,-0.0504,-0.1541,0.0646,-0.0574,-0.1246,0.0447,0.0007,-0.0522,-0.0067,0.0591,0.0177,0.136,-0.0392
dreary,0.4278,-0.2613,-0.0414,-0.0162,-0.0312,0.1441,0.2133,0.1091,0.0832,0.1632,0.1585,-0.0845,0.0272,-0.0569,0.0222,-0.0171,0.0767,-0.0471,-0.079,-0.0386,0.0411,-0.0841,-0.0976,-0.0069,-0.0663
dubious,0.1122,-0.0414,0.0327,-0.0216,0.0778,0.0334,0.0295,-0.2594,-0.0129,0.0737,0.0543,-0.0453,-0.1513,0.2687,0.064,0.0296,-0.0847,0.2031,0.0427,-0.0264,-0.1372,-0.0173,-0.095,0.1324,0.0847
dullness,0.1621,-0.2119,-0.153,0.1165,-0.1765,-0.2915,0.2791,0.1645,0.0472,0.1447,0.1158,0.0866,0.0741,0.074,0.0593,-0.0346,-0.0071,-0.0155,-0.0612,-0.0079,0.0043,-0.0891,0.0042,0.0721,0.0463
eagerness,-0.5612,0.2056,0.0252,0.0185,0.0486,0.1089,-0.0327,-0.0044,-0.0961,0.0015,0.161,-0.0506,0.1043,0.1125,-0.0713,0.0386,0.0482,-0.0255,-0.0966,-0.1473,0.0277,-0.1132,0.0578,0.0058,0.0901
easygoing,-0.6873,-0.2069,-0.0282,0.0287,0.0207,-0.1388,-0.1468,-0.085,0.0156,0.0276,-0.0503,0.0572,0.1066,-0.0723,0.0511,0.0137,-0.0006,-0.0034,-0.0173,0.0641,0.0024,0.0013,0.0641,-0.0649,-0.0114
ecstasy,-0.7845,0.1326,-0.0282,-0.0279,-0.0717,0.0677,0.0184,0.0261,0.0126,0.0619,-0.0586,0.005,-0.0207,0.0047,-0.0648,0.0908,-0.0193,-0.0156,0.0758,0.0588,-0.1472,0.0657,-0.0589,-0.1846,-0.3942
elated,-0.7272,0.1563,-0.1133,0.0458,0.0401,0.1152,-0.0636,0.0804,-0.051,0.1136,-0.0511,0.0983,-0.0722,0.055,0.0782,0.0995,-0.0335,0.0605,0.0888,-0.0193,-0.0224,0.0098,0.0301,-0.0169,-0.0103
embarrassment,0.1748,-0.1613,-0.062,0.1909,0.1361,-0.155,0.0911,-0.2508,0.1386,-0.0033,-0.0684,0.0276,-0.0763,0.0533,0.0449,-0.2748,-0.0542,-0.0045,0.0641,0.0555,0.1549,-0.17,0.0866,-0.0227,0.0439
embittered,0.5241,-0.0282,0.1109,0.1435,-0.1539,0.0261,0.0603,0.0332,-0.0054,0.0824,-0.0571,0.0851,0.0172,-0.1384,0.0358,0.0328,0.0381,-0.1656,0.0056,0.1347,0.0593,-0.1157,-0.0048,0.0908,-0.0094
empathy,-0.6936,-0.0966,0.168,0.0501,-0.1433,0.1038,-0.1785,0.1386,-0.175,-0.104,-0.035,-0.1024,-0.0365,0.0379,-0.0185,0.0616,-0.0227,-0.0615,0.0234,-0.0452,0.0692,0.0077,-0.0585,-0.0169,0.035
emptiness,0.3979,-0.338,-0.0086,-0.0819,-0.0428,0.0828,-0.0395,0.0201,-0.0308,0.0914,0.1462,-0.2467,-0.032,-0.1128,-0.0034,0.1425,0.0951,-0.0292,0.0387,-0.0228,-0.0201,-0.0296,-0.0026,0.0015,0.1229
enamored,-0.7242,0.2242,0.0454,-0.0654,-0.0563,-0.0465,-0.1516,0.0589,0.095,0.0602,-0.0734,0.0304,-0.1091,-0.0213,-0.0902,-0.0536,-0.0226,-0.1063,-0.0661,0.0061,0.0413,-0.0302,-0.0263,0.0338,0.0119
enchantment,-0.6879,0.1917,0.0636,-0.1342,-0.0111,0.0112,-0.1609,0.2867,-0.0204,-0.0457,-0.1358,-0.1246,-0.054,-0.0017,0.0559,0.0374,0.0342,-0.025,0.0203,-0.0071,-0.0491,0.0043,-0.0288,-0.0032,0.0495
encouragement,-0.7052,-0.0251,0.122,-0.031,-0.224,0.0975,0.0779,-0.0741,-0.1588,-0.0953,0.1272,0.0669,0.0009,0.0535,-0.0394,-0.0374,-0.0164,-0.1551,-0.0422,-0.0387,0.1316,0.0571,-0.0303,-0.0409,-0.0058
enjoyment,-0.7395,0.1951,0.0127,0.1418,-0.0408,0.0315,-0.179,-0.0469,0.0005,0.1091,-0.0668,-0.0014,-0.009,0.0559,0.0797,0.0197,-0.0729,-0.0535,-0.0465,-0.0546,0.0445,0.0448,0.0412,0.0266,0.045
enmity,0.3363,0.1743,0.0832,0.1109,-0.0015,0.1484,0.1673,0.0791,0.2237,0.1128,-0.0497,-0.0481,-0.0407,-0.0081,0.0818,-0.0573,-0.1429,0.1295,0.0761,-0.0037,-0.0083,0.1083,-0.0735,0.1867,-0.0402
enraged,0.5189,0.3875,0.074,0.1598,-0.095,-0.1049,-0.0539,-0.0072,0.0264,0.1064,-0.0306,-0.0116,0.044,0.0587,-0.0621,0.251,-0.0757,0.0388,-0.0682,-0.0152,-0.0345,-0.0305,-0.0126,-0.0386,-0.0437
entertainment,-0.6649,0.1517,-0.034,0.1029,-0.0644,0.1093,-0.0413,0.0891,-0.17,-0.1898,0.0552,0.0165,-0.1396,0.079,-0.0162,-0.024,0.0553,-0.0963,0.0501,-0.0277,0.1194,-0.0116,-0.0235,0.0676,-0.0533
enthusiasm,-0.7141,0.2456,-0.0971,-0.0227,0.1165,0.0499,-0.0375,-0.0837,-0.0585,0.0489,0.0336,0.123,0.0699,0.0294,-0.0269,0.0672,0.0681,-0.1431,-0.0547,0.0692,0.0375,0.0118,-0.0305,0.051,-0.0449
envy,0.3156,0.1137,0.1047,-0.0437,0.0483,-0.1543,0.0146,0.0714,0.0858,0.1064,0.0873,-0.1668,0.011,0.0091,0.27,-0.0617,-0.2985,-0.0817,-0.0713,-0.0754,0.0372,-0.0983,-0.0411,-0.0077,0.0471
evaluation,-0.2841,-0.0318,0.2852,0.1163,0.0145,-0.2256,0.0619,-0.1755,0.1694,-0.0878,0.2822,-0.0334,-0.0328,-0.0329,-0.152,-0.014,0.1673,-0.0148,0.0084,0.1296,0.0612,0.0521,0.0602,0.0246,-0.0072
exacerbated,0.2582,0.0276,-0.0465,0.0906,0.092,-0.0341,-0.1671,0.1587,0.223,0.0431,-0.1368,0.0901,0.0869,0.2157,0.153,0.0779,0.0064,-0.1075,-0.0326,0.1159,-0.1373,-0.0932,-0.1003,-0.0336,0.0752
excitement,-0.6982,0.2572,0.0001,0.0461,0.0221,-0.109,-0.0426,-0.0212,0.0123,0.0513,-0.0449,-0.0917,0.1356,0.091,-0.0669,0.327,0.0199,-0.0399,-0.0651,-0.0389,0.0786,-0.0262,-0.0182,-0.0249,0.0402
exhilaration,-0.7355,0.1305,-0.12,-0.0657,0.1091,-0.0157,0.1501,-0.097,-0.0199,-0.1142,0.1644,0.1757,-0.0564,0.0654,-0.0788,0.0441,-0.1286,0.0146,-0.0981,0.0087,0.0307,0.0238,0.0139,0.0143,-0.0454
expectation,-0.4332,0.0487,0.1209,0.2569,0.2167,-0.0437,0.1094,-0.0076,0.0081,-0.0107,-0.0524,-0.0884,-0.061,0.0194,-0.197,0.0132,0.0608,0.1084,-0.1922,-0.0954,-0.1574,0.0679,0.1743,-0.0462,-0.0183
eye-opener,-0.4223,0.1844,-0.0721,-0.2023,-0.1073,-0.0147,0.1436,0.0199,0.146,-0.1595,0.0231,0.1331,-0.1078,0.0137,-0.0849,0.0856,-0.1564,0.08,0.1059,-0.0979,-0.0005,0.0313,0.0383,-0.2133,0.0641
failure,0.5291,-0.1189,-0.0912,-0.1214,-0.107,0.1043,-0.098,0.062,-0.0597,-0.0079,0.0331,0.0003,0.181,0.0471,0.0291,-0.0568,0.067,0.1636,0.0961,0.0277,0.022,0.0033,0.0984,-0.0918,-0.0897
fairness,-0.605,-0.1415,0.0238,0.1376,-0.0255,0.0611,-0.0433,-0.1655,0.1282,0.0259,-0.001,-0.0836,-0.0177,0.0208,0.0305,-0.0032,-0.0681,-0.0186,-0.1227,0.0165,0.0138,-0.0333,0.0697,0.1436,-0.0951
falseness,0.3717,0.0376,0.1476,-0.0267,0.0704,0.0933,-0.343,-0.0273,0.221,-0.0169,0.1983,-0.048,-0.0012,-0.082,0.1553,-0.0708,-0.0078,-0.1018,0.0075,0.0327,-0.0609,-0.0003,-0.0579,-0.0193,-0.011
fear,0.385,0.1499,0.0282,0.3634,-0.0323,0.008,-0.0854,-0.0578,-0.1287,-0.0661,-0.0765,-0.2431,0.0903,0.0994,0.0908,-0.063,0.1056,-0.0336,0.0938,-0.1373,0.0216,-0.0415,0.1254,0.0106,-0.0535
flabbergasted,-0.0991,0.1197,-0.1271,-0.1135,-0.0628,-0.2255,0.0082,-0.169,0.2176,0.1198,0.0539,-0.1059,-0.0088,0.0104,0.2106,-0.1922,-0.104,0.0887,-0.1138,0.0201,0.0913,-0.175,-0.103,0.073,-0.0578
fleetingness,-0.0554,-0.155,-0.0761,-0.1688,0.1633,-0.1674,-0.0973,-0.1666,-0.1023,-0.0006,-0.1191,-0.0679,-0.065,-0.1569,-0.0198,0.093,-0.2633,0.1411,0.0403,-0.0195,0.0302,0.1063,-0.1269,-0.0471,-0.1793
fluster,0.2184,0.123,-0.0587,-0.0258,0.0849,-0.0327,-0.2666,-0.1873,0.1439,-0.1504,-0.0822,0.1523,0.1645,-0.0926,0.0267,-0.0912,-0.0189,0.0952,0.0741,-0.0123,0.1023,0.1198,-0.0409,-0.1131,0.0109
focus,-0.485,-0.1184,0.1117,-0.1578,0.1468,-0.1455,0.2031,-0.0819,-0.0109,-0.0206,-0.0836,0.1555,-0.0757,-0.0171,-0.1023,0.1675,0.025,0.0423,0.0848,0.069,0.0035,-0.0721,0.0395,0.0557,0.0317
fool,0.0485,0.111,-0.4688,0.1928,-0.0624,0.0913,-0.0206,-0.0571,-0.0216,-0.0856,0.0588,-0.1321,0.0162,-0.0313,-0.1359,-0.0568,-0.1573,-0.1735,-0.0128,0.1095,-0.0515,0.0351,0.0606,-0.1422,-0.0468
forgiveness,-0.5227,-0.0974,0.1219,-0.1424,-0.1228,0.0904,-0.2901,-0.2379,-0.0091,-0.1196,0.2194,0.0142,-0.0019,0.0046,0.0767,-0.0219,-0.1138,-0.012,-0.0595,0.0533,-0.0208,0.0739,0.0933,-0.056,0.0174
forlorn,0.3511,-0.2817,-0.131,0.0793,-0.1584,0.0527,0.1659,0.0583,0.0683,0.0097,0.0248,0.0227,-0.0972,-0.1353,-0.0986,0.0212,-0.0508,-0.17,-0.0491,-0.0406,0.1083,0.1051,0.0357,0.0366,-0.0922
frazzle,0.1767,-0.0823,-0.0652,-0.0819,-0.0159,-0.1712,-0.0603,0.1076,0.101,0.2008,-0.0676,0.0356,-0.0517,-0.095,-0.3201,-0.0294,0.1666,0.0674,0.081,-0.1312,-0.0596,0.1243,0.2055,0.0754,0.1714
fretfulness,0.3847,-0.1538,-0.1089,0.0305,-0.1106,-0.0811,-0.1467,0.2894,-0.015,0.0534,0.0172,-0.071,0.0589,0.0343,-0.1565,-0.1295,0.2057,0.1289,0.0107,-0.0144,0.0992,0.0728,-0.0983,-0.0185,0.0172
fright,0.3756,0.1678,0.1622,-0.1529,-0.3469,-0.0171,-0.054,-0.1073,-0.1002,0.2005,-0.0458,-0.0763,0.0138,-0.0341,0.0159,-0.1786,0.1224,-0.131,-0.1422,-0.029,0.0279,-0.0079,-0.0694,-0.0298,-0.1342
frustration,0.429,0.0469,0.079,0.0044,-0.0024,-0.0454,0.0038,0.1756,-0.0959,-0.0322,-0.0992,0.0839,-0.0606,0.114,-0.0015,-0.0565,0.0213,0.0408,-0.1825,0.1988,-0.0343,0.0462,-0.1293,0.03,-0.0352
funky,-0.299,0.0593,-0.3002,-0.0215,-0.0723,-0.2369,-0.2197,0.0574,-0.2175,0.0673,-0.0327,0.2793,0.0887,-0.0063,-0.0222,0.0054,-0.0561,0.0564,-0.075,0.1398,0.03,-0.2142,0.0037,0.0639,0.0984
furious,0.5007,0.4027,0.0509,0.1855,-0.183,0.034,-0.0992,-0.0071,-0.0106,-0.0888,0.0033,-0.0653,0.1812,0.0483,-0.087,0.1525,-0.1253,0.06,0.0197,0.0194,-0.0295,0.003,-0.0996,0.0654,-0.0504
fury,0.5378,0.3974,0.0649,0.1356,-0.1702,-0.001,0.0533,0.073,-0.072,-0.0066,0.0168,-0.0188,0.0786,-0.0649,0.1564,-0.0877,-0.0663,0.0239,0.0927,-0.0214,-0.0494,0.145,0.0489,-0.0711,0.0361
gladness,-0.7456,0.0461,-0.0347,0.1756,0.0713,0.0618,0.0114,0.0999,0.2562,0.1518,-0.0237,0.1762,-0.0367,0.1617,-0.0485,-0.0585,0.0958,-0.083,0.052,-0.0188,0.0148,0.0041,0.0611,0.0561,-0.0203
glee,-0.7745,0.1061,-0.2087,-0.0254,-0.0511,-0.0099,0.0179,-0.0358,0.0003,0.1794,0.1405,-0.0561,-0.1591,-0.0966,0.0164,0.0866,0.0242,0.0356,0.094,-0.1013,0.0128,-0.0228,0.0718,-0.012,0.0357
gloom,0.4841,-0.2694,-0.0258,0.0811,-0.026,-0.0417,0.0003,0.0235,0.0205,0.1049,-0.011,0.0738,-0.0473,0.0585,0.0805,0.0461,0.0964,0.0615,0.0803,0.0076,0.0196,0.0181,-0.0858,-0.0376,-0.1097
glum,0.4512,-0.3268,-0.0962,0.0185,0.0305,-0.0561,-0.0157,-0.0583,0.1506,-0.0356,0.0353,0.1402,-0.1148,-0.0601,0.0072,0.1145,-0.0556,-0.0151,0.0078,-0.1424,-0.0602,-0.0482,-0.0306,0.0152,-0.0868
good,-0.7231,-0.0285,0.1175,0.0817,0.0583,0.2555,0.0362,-0.1045,0.1098,-0.027,0.1017,-0.2221,-0.0259,0.0494,0.0754,0.0174,0.0086,0.057,-0.0272,-0.0604,-0.0007,0.049,-0.0326,0.0588,-0.0459
goodwill,-0.7282,0.0374,0.195,0.0162,-0.026,0.2154,-0.149,-0.1062,0.0592,-0.0124,0.0752,-0.0769,-0.0654,-0.0124,-0.0122,-0.0696,-0.0616,-0.1398,-0.0684,0.0235,0.019,0.0409,-0.0168,-0.0329,0.0387
goofiness,-0.5066,0.2421,-0.3139,0.0853,0.0696,0.0451,-0.1154,0.0732,-0.1607,0.0157,0.0151,-0.0517,0.0239,0.0941,0.0222,0.0704,-0.0816,0.0218,-0.0146,0.054,0.0208,-0.0308,-0.0749,-0.0331,0.0464
gratefulness,-0.6741,0.024,0.0636,0.1545,-0.0448,0.1125,-0.0708,0.0148,0.0249,0.1267,0.2061,-0.0255,-0.0159,-0.0116,-0.054,-0.0738,-0.0046,0.0448,0.0751,-0.0763,0.0498,0.0164,-0.021,-0.0268,-0.0781
greediness,0.3246,0.3499,0.2311,0.0755,0.0838,0.1447,-0.0984,0.0603,-0.0425,-0.1359,-0.1159,0.085,0.0796,0.063,0.039,0.0813,-0.0783,-0.1871,0.0356,0.0423,0.0921,0.0779,-0.1153,0.0587,-0.0315
grim,0.5494,-0.1766,0.0684,-0.1202,-0.0574,-0.0176,0.0395,-0.0561,0.0171,0.0739,-0.0151,0.0366,0.0307,0.1807,0.0902,-0.0027,-0.05,-0.061,0.001,-0.0912,0.0005,0.0543,0.072,-0.0677,0.0043
grouch,0.4262,-0.0029,0.072,0.0715,0.0824,-0.0252,0.1322,0.064,0.0417,0.0329,0.1544,0.0721,0.0186,0.0677,-0.051,0.2052,0.0138,-0.0173,0.045,0.0141,0.198,-0.0314,-0.0601,-0.0039,-0.0316
grumpiness,0.4898,-0.0263,0.0922,0.1717,0.1069,-0.0697,0.1116,-0.0158,0.0968,0.0089,-0.0635,-0.1311,-0.0554,0.0209,-0.141,-0.0698,0.1311,0.1138,-0.1112,0.0432,0.1038,0.0117,-0.0508,0.0323,0.1258
happiness,-0.742,0.0648,0.0347,0.0348,-0.0443,0.1129,0.0181,-0.023,0.1011,0.0459,-0.1351,0.0846,0.1113,-0.001,0.0997,0.0225,-0.2378,0.1868,0.1056,-0.0755,-0.0501,0.0107,0.1212,-0.0383,0.0623
harassment,0.4592,0.1887,0.0693,0.1131,0.1092,-0.0406,0.1371,-0.0023,0.0529,-0.1315,0.0948,0.0445,-0.2049,0.0149,0.0664,0.0506,0.0975,-0.0169,0.0628,0.1232,-0.079,-0.0256,-0.0143,-0.0374,0.1291
harm,0.5072,0.1975,0.1108,-0.0919,-0.0256,-0.1641,-0.0848,0.0862,-0.0409,0.0926,-0.0165,0.0175,-0.072,0.084,0.0203,0.0029,-0.0932,0.1543,-0.0458,-0.1156,0.0481,-0.0096,0.0206,0.0548,-0.033
harshness,0.4506,0.1464,0.1302,0.0974,0.0131,-0.145,-0.0346,0.0164,-0.0191,-0.161,-0.1714,0.0857,0.0708,-0.1239,-0.0153,-0.0086,-0.0905,0.005,-0.101,0.1155,-0.02,-0.0911,-0.0234,-0.0513,0.1224
hate,0.5401,0.2471,0.1015,0.0268,-0.0071,-0.1304,0.0056,0.0195,-0.1083,-0.0002,0.1133,-0.2174,0.0338,0.0893,-0.1629,-0.0429,-0.0884,-0.0886,0.0925,-0.0425,-0.047,-0.1103,0.0114,0.0254,-0.0243
haughty,0.242,0.2294,0.0757,0.2519,0.1468,0.0211,-0.0638,0.195,0.1032,0.0434,0.0165,0.1757,-0.0455,0.0511,-0.1241,0.0228,-0.0639,-0.0025,-0.1703,-0.0113,-0.0044,-0.0221,-0.1799,0.0809,0.1048
heartbreak,0.4737,-0.2965,-0.0467,-0.1591,0.0667,0.1304,-0.1074,-0.0263,0.0403,0.0174,-0.0068,-0.0356,0.0318,0.0166,-0.0446,-0.0226,-0.008,-0.1098,0.0868,0.117,0.1482,-0.1169,0.1243,-0.0762,-0.0014
heat,-0.077,0.1138,0.1593,0.0697,-0.1091,-0.1041,0.1361,-0.1554,-0.2418,-0.1015,-0.2221,-0.0556,-0.0559,0.0272,-0.1211,-0.0336,0.0902,-0.0105,0.0749,0.0222,-0.0265,-0.2051,-0.2147,-0.0669,-0.0384
helplessness,0.3377,-0.3129,0.0792,0.0004,0.0646,-0.1542,0.0346,0.0235,0.0663,0.0271,-0.0739,0.0567,0.2779,0.0384,-0.1177,0.1642,0.0243,-0.1401,0.033,0,-0.1358,0.0679,-0.0214,0.0847,0.0356
hesitation,0.0656,-0.2901,-0.0851,-0.1821,0.054,-0.0923,-0.2051,0.0094,0.0929,-0.0259,-0.0052,-0.185,0.0403,-0.0475,0.1181,-0.0885,-0.1305,0.1067,-0.0199,0.092,-0.0018,0.051,0.0532,0.0637,-0.004
honesty,-0.5443,-0.2283,0.2544,0.1007,-0.0809,0.0608,0.0903,-0.0938,-0.0237,-0.0034,0.0054,-0.0339,0.0914,0.1408,-0.0372,-0.0821,-0.074,0.0656,-0.0105,0.0652,-0.0156,-0.1309,0.0297,-0.0238,-0.117
hope,-0.7401,-0.0662,0.1139,0.0147,0.1278,0.2571,-0.1095,0.0199,-0.0781,0.0107,0.0132,0.051,0.0103,0.0068,0.0909,0.0502,0.0881,0.0058,-0.0609,-0.0335,-0.0442,-0.0035,-0.0638,0.0448,0.0023
hopelessness,0.4202,-0.2698,-0.0561,0.07,0.0103,0.1037,-0.0691,0.0401,-0.1827,0.0055,0.0119,0.0931,-0.0013,-0.0156,0.004,0.1295,0.019,-0.1444,0.1398,-0.0984,-0.0148,0.0015,0.1004,-0.0413,-0.093
horror,0.6056,0.1799,-0.0069,-0.3185,-0.1001,-0.0421,0.0182,0.0208,0.1599,0.0861,0.0221,0.0621,-0.0056,0.0481,-0.0966,-0.0333,0.0476,-0.0092,-0.0221,-0.0046,0.0935,-0.0529,0.0122,0.0236,0.0083
hostile,0.5166,0.2171,0.0881,-0.0209,0.0668,-0.0947,0.0023,0.084,0.0493,0.0622,-0.0997,0.1057,-0.0678,0.1022,0.0389,0.0991,0.0278,0.1671,-0.0654,0.154,0.0244,0.2008,0.1198,0.0238,0.0289
huff,0.2983,0.1334,-0.2727,0.1048,0.0393,0.0393,0.0028,-0.0349,-0.0422,-0.0262,-0.0397,-0.1977,0.0521,-0.019,0.0561,0.149,-0.1199,-0.1464,0.024,-0.078,-0.1365,0.1003,-0.0343,0.0876,-0.0593
humor,-0.6947,0.1315,-0.1753,-0.0222,0.1262,0.1658,-0.0641,0.0429,-0.1119,0.1075,-0.0185,-0.0461,0.0278,-0.0079,0.0834,0.0381,-0.0432,-0.0545,-0.1111,0.0062,0.018,0.0511,0.0212,-0.0423,0.089
hysteria,0.3077,0.2982,-0.1142,0.0119,-0.0337,0.1191,-0.2037,0.094,-0.1646,-0.0525,0.1557,0.1354,-0.209,0.0565,-0.0461,-0.069,0.2569,-0.0309,-0.0647,0.007,-0.0344,-0.0886,0.057,0.1533,-0.0262
imagination,-0.5626,-0.0359,0.1468,0.0245,0.2646,-0.0425,-0.1067,0.1016,-0.1814,-0.1583,0.0995,-0.0255,0.1882,0.1563,-0.0567,0.0011,0.0332,0.0292,-0.0128,0.0273,-0.0254,0.1096,0.0516,0.0477,0.027
impression,-0.3831,-0.1283,0.2301,-0.0239,0.0933,-0.1724,-0.1393,0.0683,0.0322,0.1931,-0.1128,0.0118,0.124,0.048,-0.0995,-0.1182,-0.1096,0.0672,0.1173,-0.0522,0.0591,-0.0874,0.0411,-0.0499,-0.0059
improvement,-0.5376,-0.0729,0.0181,-0.117,0.0378,0.0847,0.2262,-0.139,0.0146,0.0162,-0.006,-0.0504,-0.2001,0.1421,-0.0372,-0.0368,-0.0184,0.0236,0.0251,0.1139,-0.0194,0.0727,-0.0062,0.103,-0.0231
incredulity,-0.0221,0.151,-0.1313,0.0171,-0.2447,-0.0609,0.0668,0.0601,0.0739,-0.0293,0.0633,0.2294,0.0803,0.1634,0.0541,0.0846,0.1478,0.1023,-0.1321,-0.152,-0.0176,-0.0516,0.1659,0.0201,-0.0824
indifference,-0.0077,-0.3628,-0.0614,0.0901,0.1205,-0.1165,0.0235,0.0757,-0.058,0.0131,-0.2171,-0.1871,-0.1622,0.0184,0.0667,0.0468,0.123,0.0201,-0.0126,-0.039,-0.0608,0.0605,0.1468,-0.0102,-0.0543
indignation,0.4483,0.2369,-0.0134,0.1294,0.0135,-0.0034,0.0714,0.0097,-0.0488,0.1931,-0.0595,0.0055,0.2173,-0.1179,0.0565,0.0298,-0.0359,-0.0129,0.0681,0.1621,-0.0878,0.058,-0.0131,0.0562,-0.0946
insecure,0.2708,-0.2361,-0.0304,-0.2259,0.0742,-0.0476,-0.0678,-0.1074,-0.0488,-0.0396,-0.1113,-0.1053,0.2107,0.251,-0.0878,-0.0666,-0.1047,-0.0193,0.071,-0.0564,0.042,-0.1309,-0.0138,-0.0414,0.0572
insolence,0.3569,0.2456,0.058,0.2043,-0.0596,-0.0285,-0.0486,-0.1196,0.0638,0.0955,0.0477,0.0779,-0.016,-0.2204,0.0475,0.0498,-0.0571,-0.1004,0.0509,0.1718,-0.0637,-0.0815,0.1366,-0.0695,0.064
interest,-0.5306,0.0674,0.054,0.055,-0.0934,-0.0479,-0.0063,0.1257,0.1821,-0.0395,-0.0543,0.0249,0.004,0.0288,-0.0038,0.0272,-0.104,0.1476,-0.098,-0.0706,0.045,0.0455,0.0207,0.0044,-0.0011
intimidation,0.4195,0.1663,0.0994,0.0884,-0.116,-0.2104,0.1003,0.0244,-0.0299,-0.2166,-0.0486,-0.0392,0.0197,0.0561,-0.0202,-0.0637,-0.0109,-0.0198,-0.0119,-0.0421,0.0644,0.0347,0.0138,-0.0739,-0.0159
irate,0.5984,0.2908,0.0888,0.1437,-0.0065,-0.0633,-0.0439,-0.1062,-0.1212,0.0648,0.0335,0.1233,-0.0403,-0.1105,-0.1082,0.0061,-0.0099,0.0332,-0.0214,-0.0344,-0.0704,0.0018,0.067,0.0308,0.0265
irked,0.3995,0.1325,-0.0842,-0.0023,-0.067,-0.0801,0.0039,0.1303,-0.0916,-0.1111,-0.1108,0.2011,0.117,-0.2599,0.0864,-0.018,0.0683,0.0839,-0.0072,-0.077,-0.0304,-0.0242,-0.0572,0.015,-0.0043
irritable,0.4239,-0.0046,-0.0487,0.0139,0.1585,0.0618,0.1365,-0.0137,-0.1624,-0.0765,-0.0743,-0.0014,-0.1358,0.121,0.0013,-0.0768,0.0056,0.0997,-0.1659,0.104,0.0513,-0.0686,-0.0382,-0.1647,-0.0809
irritation,0.4427,0.0621,-0.0653,0.0879,-0.0039,0.0478,-0.1031,0.1496,0.0982,-0.1616,0.0209,-0.077,0.0349,-0.108,0.0931,-0.2087,0.1016,-0.0052,0.1991,-0.0155,-0.0815,-0.0895,0.0825,-0.0307,-0.1016
jittery,0.1221,0.1029,-0.2632,-0.2285,0.1848,0.1807,-0.1107,0.1894,0.1541,-0.0341,-0.0034,-0.0053,0.0627,-0.0516,-0.0798,-0.0049,-0.0112,-0.0235,-0.0738,-0.0933,-0.1252,0.1012,0.015,0.0411,0.1252
jolt,-0.017,0.4135,-0.069,-0.0287,-0.2072,-0.1345,-0.2054,0.079,-0.0437,0.0988,0.0516,0.0005,-0.1065,-0.0799,0.1001,0.0134,0.0774,0.0294,0.0988,-0.0592,-0.2007,0.0147,0.0039,0.0095,-0.038
joviality,-0.7337,0.0335,-0.1011,0.0686,0.2048,0.1168,-0.1895,0.2053,-0.0664,-0.0897,0.0118,0.036,-0.0449,-0.0865,-0.0137,0.0932,-0.0456,0.0363,0.043,-0.0564,0.0078,0.0385,0.0027,0.0055,-0.0264
joy,-0.7811,0.135,-0.1193,0.0141,0.0242,0.0531,-0.0337,0.05,-0.0379,0.1474,0.0195,0.0619,0.0247,0.0482,0.2243,-0.006,-0.093,0.0426,0.0444,0.0091,0.0772,-0.1319,-0.2757,0.0402,-0.0356
joyfulness,-0.7579,0.1691,-0.1508,0.0095,-0.0529,0.1158,-0.1828,0.083,-0.0851,-0.0505,0.0668,0.0819,0.0565,-0.1036,0.0239,0.0467,-0.0491,-0.0579,0.0331,0.0293,0.0296,0.0084,0.0509,-0.0021,-0.0039
jubilation,-0.7785,0.1228,-0.0448,-0.0151,0.0295,0.0994,-0.0513,-0.0093,0.0577,-0.0392,-0.0238,-0.001,0.0081,-0.0455,0.0028,-0.0188,0.0523,0.1299,0.0036,0.187,0.3672,-0.0751,0.1163,-0.08,-0.0937
jumpy,0.1185,0.1558,0.0975,-0.1761,-0.0493,0.2152,-0.0556,0.1526,-0.1844,0.0434,-0.0198,-0.1445,-0.2013,-0.0782,0.0614,0.0169,0.1671,0.0186,-0.0572,-0.0426,-0.0871,-0.135,0.0419,-0.0584,0.1494
knowing,-0.5841,-0.2086,0.2254,-0.0419,0.0391,-0.2111,0.014,0.2084,0.0644,-0.0297,0.0178,-0.1448,0.1175,-0.0083,-0.1438,-0.0992,-0.0253,-0.1698,-0.0174,0.0468,-0.0034,-0.0187,0.0256,-0.1065,0.0025
knowledge,-0.4398,0.1164,0.4458,0.1368,0.1634,-0.2072,0.0821,0.1253,-0.0836,0.1874,0.2366,0.0119,0.0445,-0.2572,-0.0286,-0.1082,-0.0388,0.067,0.0052,0.0491,-0.0408,-0.0357,0.0543,0.0193,-0.0745
laughter,-0.7294,0.2024,-0.2084,-0.0253,0.008,0.0597,-0.1479,0.0402,0.0147,0.0699,0.0453,0.0335,0.0096,0.1053,0.0346,0.0473,0.0232,-0.0517,-0.0126,0.0516,0.0165,0.0189,0.0027,-0.0071,-0.0076
letdown,0.4135,-0.2172,0.2002,-0.0344,-0.0353,0.1136,-0.1553,-0.1082,-0.0916,0.0685,-0.0338,0.0451,0.1208,-0.0423,0.0196,0.0697,-0.0135,0.0107,-0.02,0.0165,-0.0567,0.0811,0.1198,-0.0528,-0.0106
lethargy,0.2209,-0.4769,-0.123,0.0674,0.0315,-0.093,0.0357,0.2016,-0.1643,-0.0002,0.0206,0.0916,0.0259,0.0293,-0.0006,0.0068,0.2536,0.0722,-0.1359,0.0479,-0.0658,0.0725,-0.0518,0.0022,-0.116
loneliness,0.3826,-0.2784,-0.0545,-0.1656,0.0897,0.1738,0.0767,0.0819,-0.2427,0.01,0.0052,0.0156,-0.0194,-0.0949,0.0822,0.0525,-0.0509,-0.0579,-0.0766,-0.1102,0.059,-0.1916,0.0342,-0.0586,0.0012
loss,0.4975,-0.2759,0.0309,-0.0457,-0.1106,-0.0141,-0.0506,0.1317,-0.0403,-0.1382,-0.08,0.1142,0.0908,0.1485,-0.2043,0.0359,-0.1011,-0.049,0.0175,0.1491,-0.0292,0.0097,0.1627,0.0804,-0.0006
lost,0.3505,-0.2327,0.1587,-0.1827,-0.0867,0.0808,0.1754,0.0337,-0.0938,0.0956,0.0357,-0.1047,-0.1096,0.0168,0.0724,-0.0625,-0.066,-0.165,0.0223,0.1255,-0.0784,0.033,-0.0482,-0.0588,-0.1735
love,-0.7778,0.0738,0.004,-0.0119,-0.1091,0.0458,-0.119,-0.0125,0.0105,-0.0343,-0.002,-0.0044,-0.0444,0.0519,-0.0723,0.0417,0.0519,0.1553,-0.0146,0.1336,-0.1741,-0.1793,0.03,0.1939,-0.0301
marvel,-0.7186,0.0872,-0.097,-0.162,0.2215,0.0518,0.0403,-0.0025,0.04,0.0818,-0.0015,0.1047,0.0433,-0.1168,-0.0403,-0.0563,-0.0535,0.0715,0.0587,0.0322,-0.078,0.0299,0.0101,0.0127,0.036
mediocrity,0.0557,-0.2199,0.0412,0.0646,-0.07,0.039,0.0496,-0.1666,-0.0717,-0.0702,-0.0289,0.2659,-0.1186,-0.1368,-0.0659,0.1053,0.1129,0.134,0.1366,-0.077,-0.0282,0.0757,0.0247,0.0489,-0.0693
meekness,-0.328,-0.3793,-0.0521,-0.0155,0.1854,-0.1071,0.0269,-0.0778,0.1661,0.0983,-0.2233,-0.1607,-0.0062,0.0257,0.066,-0.0223,0.0591,0.0429,0.0081,-0.024,0.0784,-0.1081,0.009,0.1243,0.0373
melancholy,0.3271,-0.4146,-0.0764,0.0425,-0.0454,0.0097,0.1674,-0.0341,-0.2079,0.1302,0.0496,-0.0595,0.0792,-0.0255,0.0083,-0.085,0.073,-0.0464,-0.0979,0.0657,0.0823,0.1064,0.0717,-0.0791,0.0596
merriness,-0.6287,0.0432,-0.0684,-0.1771,-0.0821,0.0057,0.0024,0.1655,-0.0547,0.1823,-0.092,-0.0965,0.0125,0.0505,0.0021,0.0289,-0.1795,-0.1453,0.0327,0.0558,0.0935,0.1503,0.0919,0.3139,-0.1066
miracle,-0.692,0.2148,0.0635,-0.1461,0.0777,0.1271,0.0986,0.1582,0.1354,-0.1099,0.0968,0.0006,-0.0689,-0.0317,-0.007,-0.0492,-0.0466,-0.0207,-0.0584,0.0457,-0.0321,0.0179,0.0046,0.0702,0.0424
misery,0.5776,-0.127,-0.0955,0.0668,-0.1192,0.0757,0.2613,0.1029,0.082,0.0032,0.0268,-0.0671,0.0627,-0.1138,-0.0398,-0.1264,-0.085,0.0417,-0.038,0.007,0.0404,-0.0931,-0.0528,-0.0549,-0.0635
misfortune,0.3828,-0.2504,-0.06,-0.1546,-0.1233,0.1052,-0.0678,-0.0988,-0.1393,-0.1356,0.0508,-0.0678,-0.041,-0.1476,0.0295,0.0867,-0.0611,0.0071,0.0044,0.0884,0.081,0.2614,0.0438,0.105,-0.0012
mistake,0.2454,0.0271,0.1766,-0.0254,-0.1948,0.2518,-0.1251,0.0894,-0.0304,-0.0477,0.0621,-0.0184,0.2273,0.0724,-0.0617,-0.1289,-0.0244,0.0064,0.0901,-0.0333,0.0186,0.0134,0.1237,0.0122,0.0913
mockery,0.2775,0.2584,-0.0133,0.0169,0.1418,-0.031,-0.1255,0.0129,0.0309,-0.0993,0.1221,-0.2191,0.0262,-0.0473,0.044,0.0105,0.056,-0.1912,-0.0791,0.0172,-0.0868,-0.079,0.028,0.0703,0.0004
moodiness,0.4246,-0.2755,0.0626,-0.0229,-0.0133,0.0035,0.0745,0.0367,0.034,-0.1008,0.0366,0.0464,-0.1374,0.0121,0.0751,-0.1026,0.0315,-0.0939,-0.015,-0.0587,0.0184,0.0621,-0.1125,-0.0903,0.1043
motivation,-0.6103,0.0964,0.1757,-0.0361,-0.0062,0.0658,0.1336,-0.0135,-0.1888,-0.0291,0.1166,0.0926,0.0202,0.2017,0.0209,-0.0248,-0.0532,0.0616,-0.0176,-0.0858,0.0945,0.0481,0.1093,-0.1305,0.0487
naughtiness,0.2158,0.2849,0.0419,0.1119,-0.0226,0.0743,-0.0907,-0.0576,0.0535,-0.0509,0.0538,-0.1888,-0.1758,0.1137,-0.1078,-0.0272,0.147,0.0803,0.1414,0.1959,-0.1289,-0.0239,-0.0616,-0.1556,-0.0197
nausea,0.2952,-0.1085,-0.0448,-0.0043,0.13,0.0299,-0.4886,0.1749,0.0027,0.0333,0.0488,0.1186,-0.0796,-0.0446,-0.0615,0.0023,-0.0961,0.0724,-0.0997,0.0152,0.0812,-0.1422,0.0075,-0.0003,-0.0734
negativity,0.6167,-0.0467,0.0109,0.0595,0.0732,0.1267,0.0568,-0.0992,-0.0586,0.0954,-0.0624,-0.0363,-0.1083,0.0272,0.0224,0.0555,-0.0873,0.0594,-0.0416,-0.1047,-0.0408,0.007,0.0287,0.0194,-0.1551
nervousness,0.2244,0.0265,0.0858,-0.0017,-0.0582,0.1105,-0.0727,-0.1786,-0.0097,-0.0234,-0.1751,-0.0454,-0.1494,0.0856,-0.225,-0.0182,-0.1324,0.0845,-0.0615,-0.0336,-0.1174,0.0775,-0.0769,0.2101,-0.1664
neutral,-0.1338,-0.2191,-0.1137,0.0911,0.1301,-0.1982,-0.0166,-0.0464,0.0522,-0.0005,-0.0402,-0.0395,0.0381,0.0149,-0.0943,0.0794,-0.0987,0.0597,0.0032,-0.0915,0.0385,-0.1044,-0.0767,-0.1016,0.0841
newness,-0.548,0.0843,-0.0119,-0.0348,-0.0536,0.0667,0.1325,-0.0702,-0.0634,-0.1185,-0.0193,0.1073,-0.0929,-0.173,-0.0952,0.1752,0.0505,0.058,0.0299,0.0691,-0.1311,-0.1065,0.033,0.0684,-0.1021
niceness,-0.7284,-0.0661,0.1381,0.0135,-0.11,0.1935,-0.1594,-0.0479,-0.0635,0.0463,-0.1059,-0.0539,-0.0001,-0.0414,0.0733,0.0197,0.0136,0.0119,-0.0684,-0.0743,-0.0076,0.0268,-0.0456,0.0272,0.0559
nonplus,0.1076,-0.0167,-0.164,-0.0518,0.1025,-0.0972,0.3111,-0.0465,-0.1444,-0.0587,-0.0007,0.081,-0.0702,-0.227,-0.0914,-0.0961,0.0032,0.1222,0.0777,-0.0595,0.0867,0.0434,0.1043,0.1084,0.0997
normal,-0.388,-0.2261,-0.1692,0.048,0.0744,0.0316,-0.0469,-0.0613,-0.0801,0.0424,0.0792,-0.0807,-0.0892,-0.1615,-0.1483,-0.0572,-0.0847,-0.1441,0.055,0.0877,0.1797,-0.0336,-0.0148,0.0198,0.1673
numbness,0.2449,-0.2825,-0.151,0.189,-0.0175,0.1177,0.0867,-0.0721,-0.1322,-0.1365,0.0343,-0.1244,0.0672,0.0057,0.1334,0.1203,0.1034,-0.1172,-0.011,0.1183,0.1501,-0.0641,-0.2207,0.0012,0.0629
observance,-0.2892,-0.1701,-0.3384,-0.1229,-0.1487,0.1789,-0.0395,-0.1261,0.1056,-0.2213,-0.1961,-0.0153,-0.036,0.222,0.0062,0.1096,0.0457,-0.0839,-0.0024,-0.0587,0.0347,0.0421,-0.0538,0.009,0.0721
offence,0.4257,0.2978,0.0495,0.0461,-0.0926,-0.0154,0.0878,0.0797,0.1022,0.0359,-0.2555,0.0698,-0.0062,0.0629,-0.032,-0.0398,0.0535,0.0002,0.1684,-0.0822,0.0055,-0.0312,-0.0743,-0.0529,0.0799
outrage,0.4754,0.407,-0.0189,-0.0403,-0.0573,0.0323,-0.0647,-0.1069,0.0154,0.143,0.1549,-0.0187,-0.0482,-0.0647,-0.081,0.1199,-0.0622,0.0003,0.0971,-0.0134,-0.0348,-0.0564,0.0576,-0.0048,0.0017
pacific,-0.5693,-0.2803,0.0054,0.0433,0.0426,-0.1614,-0.1448,0.1019,-0.1068,-0.0039,0.0196,0.0019,-0.0619,0.0906,0.0268,-0.0595,-0.0019,0.0796,0.2035,0.0197,-0.0683,0.0143,0.0228,-0.0153,-0.021
pain,0.6334,0.0335,-0.052,0.0062,-0.1355,-0.1619,-0.1497,0.1078,0.1505,-0.0078,-0.002,-0.1555,-0.0797,0.0095,-0.1867,-0.0189,-0.0466,0.0943,-0.0306,-0.0795,-0.0126,-0.0337,-0.0559,0.065,0.031
panic,0.3357,-0.0811,0.0168,-0.5049,-0.0797,0.0187,0.0391,0.063,0.1165,0.0841,0.0994,0.2597,-0.1168,-0.1119,-0.1138,0.0644,-0.1232,0.0041,-0.1338,0.1373,-0.0227,0.0575,-0.1633,-0.0408,0.032
patronization,0.2299,0.057,0.051,-0.1905,0.1598,0.1108,-0.0854,0.113,0.0523,0.032,-0.1496,0.0056,0.0319,0.0507,-0.0507,0.1278,-0.1722,-0.1902,0.0443,-0.0787,0.1308,-0.0996,0.1601,0.0495,-0.064
peace,-0.6674,-0.1365,0.0469,0.1985,-0.2892,-0.1068,-0.0563,0.025,-0.0643,-0.1617,0.1004,0.0776,-0.0865,0.0575,0.0589,0.0391,-0.0796,-0.0722,0.1229,-0.0202,0.0788,-0.0481,-0.0126,-0.0229,-0.0264
pensiveness,-0.1748,-0.3161,0.0827,-0.2508,0.0427,-0.0619,0.2218,0.1438,0.1026,-0.2564,-0.0533,0.0245,0.0678,-0.0862,0.1173,0.0078,-0.0788,0.0852,-0.0772,0.0504,0.0269,-0.017,0.0442,-0.0824,-0.0074
perfunctoriness,-0.1136,-0.148,-0.169,0.0505,-0.2467,0.0589,-0.0889,-0.0614,0.1954,-0.0385,-0.0188,-0.02,-0.0377,-0.0597,-0.1353,-0.1262,-0.0332,0.0362,-0.0239,0.0205,0.0625,-0.0687,0.1514,-0.0604,0.065
perplexity,-0.0634,0.1033,-0.0479,-0.2621,-0.1999,-0.1303,-0.1586,-0.0164,0.1046,-0.2101,-0.0207,0.0568,0.13,-0.0272,0.0257,0.0129,-0.045,-0.0659,0.1243,0.0292,-0.0105,0.0166,-0.0448,0.1677,-0.0413
perturbed,0.2806,0.0089,0.0198,-0.088,-0.1108,0.0243,0.018,0.0522,0.1062,-0.0162,0.0096,0.0988,0.1519,0.03,0.1367,-0.112,0.1831,0.0458,-0.1117,-0.0644,-0.1151,0.0598,-0.1248,-0.1546,0.0269
pessimism,0.5155,-0.2336,-0.1238,0.1431,0.0649,0.1005,0.0655,0.1125,-0.0471,-0.0565,0.0708,0.0114,-0.1177,0.0687,-0.0039,-0.0151,-0.1178,0.0469,-0.0366,-0.0248,-0.0382,-0.0103,-0.1997,-0.132,0.0727
pity,0.0192,-0.2111,0.0962,0.0122,-0.1875,0.2445,0.1312,0.025,-0.0311,0.1962,0.2572,0.1171,0.0912,0.1532,-0.0997,-0.015,0.0049,-0.0398,0.0176,0.1141,0.0101,0.1195,0.0068,-0.0128,0.0464
playfulness,-0.6964,0.1755,-0.1678,0.1222,0.0313,0.0157,0.2423,0.0536,-0.2189,-0.0525,-0.1441,-0.0531,-0.0073,0.0651,0.0674,-0.0773,0.1015,0.0237,0.0644,-0.0667,0.0039,-0.0008,0.0655,0.0547,-0.0318
pleasant,-0.7482,-0.0225,0.0207,-0.0525,-0.1385,0.0569,0.1063,-0.1237,0.0421,0.0337,-0.1582,-0.0262,0.0196,0.0737,0.0489,-0.145,0.0105,-0.0928,-0.0418,0.0364,-0.0488,-0.0384,-0.0212,0.0082,0.0167
pleased,-0.725,0.043,-0.1141,0.0325,-0.0683,0.0827,0.029,0.0201,0.1668,-0.0101,-0.0168,0.109,-0.0724,-0.022,-0.0514,-0.0232,-0.0371,-0.0326,-0.0017,0.0897,0.0696,0.0303,0.0071,0.0928,0.0352
pleasure,-0.7597,0.0135,-0.189,0.149,-0.0486,0.0553,0.0957,-0.0103,0.0985,0.0084,-0.0712,0.0083,0.0798,-0.2132,-0.0322,0.0152,-0.0312,-0.0778,-0.1188,0.0633,-0.0202,-0.0744,-0.0251,0.0337,-0.0214
politeness,-0.637,-0.1634,-0.0372,-0.0637,0.0188,-0.0352,-0.0877,-0.1065,-0.0361,0.058,-0.1038,-0.0479,0.1025,-0.0081,0.0501,-0.0784,0.0749,-0.004,0.0613,-0.0489,-0.0583,0.0447,-0.0364,0.0408,0.0495
positive,-0.7775,0.0188,-0.0568,-0.0005,-0.1166,-0.0344,-0.1038,0.0219,0.0012,0.0008,0.0348,0.1076,0.1204,-0.0273,0.0636,-0.0427,0.1022,0.1547,-0.1811,-0.1993,0.0513,0.0874,-0.0155,0.0635,-0.1161
prey,0.3313,0.3459,0.072,0.0632,-0.1837,0.0014,-0.1902,-0.0559,0.0459,0.0125,-0.1768,-0.0789,-0.2349,0.0084,0.0068,0.2178,0.0802,0.0139,-0.0799,-0.0253,-0.0837,-0.1998,0.0052,-0.0124,-0.0406
push,-0.1693,0.2064,0.2769,0.0446,-0.0261,0.1413,0.2357,-0.0449,0.1719,0.129,-0.0152,-0.1333,0.0602,0.1723,0.0679,0.0531,0.0338,-0.1977,0.1835,0.0933,0.0101,0.0028,0.0168,0.0106,0.0615
puzzlement,-0.0954,0.0163,0.1805,-0.3563,0.1332,-0.2791,-0.0777,0.0334,0.0397,-0.103,-0.0058,0.0904,-0.1188,0.1273,0.0038,-0.1565,0.0291,0.061,-0.106,0.0294,-0.0778,-0.0224,0.0785,-0.033,-0.0593
queasiness,0.3439,0.0206,0.0161,0.0698,-0.0676,0.2512,0.0156,0.044,0.1952,-0.2748,-0.0002,0.0268,-0.104,-0.0832,-0.1309,-0.0961,0.0421,-0.1661,0.0317,-0.007,-0.0539,0.0613,-0.1395,0.0719,0.0214
quirkiness,-0.3643,0.1938,-0.3035,0.0933,0.0521,-0.2113,-0.0859,0.0404,-0.0951,0.0523,-0.1201,0.147,0.0677,-0.0666,0.1843,-0.1861,0.1593,0.0554,0.1553,0.0843,-0.0344,-0.0566,0.0945,-0.0055,0.047
quit,0.3222,-0.17,-0.1025,0.0032,0.2142,0.2742,-0.0629,-0.051,0.013,0.0115,-0.1135,-0.1044,-0.0535,0.0554,-0.1352,-0.075,0.0117,-0.1494,0.2126,-0.0733,-0.0845,-0.078,-0.0655,-0.1266,-0.1746
radiance,-0.7053,0.107,0.0358,0.0894,0.0012,0.0638,-0.032,-0.0568,0.0411,-0.125,0.0376,0.1023,-0.0366,-0.0453,-0.0202,-0.0641,0.1865,0.1698,-0.0478,-0.0474,-0.0877,-0.143,-0.1316,-0.3644,0.147
realization,-0.4997,0.0004,0.1952,0.0062,-0.1415,-0.0055,0.0895,-0.0578,0.0775,-0.1727,0.1026,0.0033,0.1847,0.0708,-0.1551,0.0873,-0.1838,-0.0417,0.1088,-0.0288,-0.0054,-0.0643,0.0039,0.0988,-0.1293
reassurance,-0.6057,-0.1637,0.2001,-0.0437,-0.0581,0.0721,-0.078,0.0643,0.1533,0.0127,0.0072,0.0087,0.0261,-0.1529,0.0398,-0.0507,0.0381,0.1164,0.0784,-0.0809,0.0228,0.0262,-0.0089,0.0838,0.1203
rebellious,0.2974,0.2131,0.2089,-0.2173,0.0408,-0.0991,0.1744,0.006,-0.1021,-0.1764,-0.0568,-0.1997,0.0375,-0.0998,-0.0714,0.1472,-0.0818,-0.0822,0.0018,0.103,0.0049,-0.0239,0.057,0.0089,-0.0403
refusal,0.3107,-0.0232,-0.0398,0.0485,0.076,0.1177,-0.0264,-0.2886,0.0191,-0.0703,0.0525,0.1458,-0.2542,-0.0195,0.0404,-0.1723,0.0257,-0.0268,-0.0547,-0.0013,-0.1203,-0.1905,-0.0654,0.0373,0.0627
regret,0.2901,-0.1097,0.1052,-0.1548,0.0279,0.1586,-0.0053,-0.0464,-0.1109,0.1868,0.0051,0.0806,0.053,0.0085,0.187,-0.009,-0.0178,-0.0546,0.0621,0.1328,-0.1172,-0.0497,0.0192,0.1255,-0.0457
rejection,0.4039,0.0174,0.0677,-0.1531,0.0352,0.1457,0.1168,-0.1104,-0.1048,0.0297,-0.0234,-0.043,0.0836,-0.0936,-0.1123,0.0222,-0.0189,0.0127,-0.1119,0.0208,-0.0927,-0.0315,0.0798,0.0003,0.1197
rejuvenation,-0.7262,0.022,0.07,-0.1245,0.1404,0.1076,0.1188,0.1485,-0.0569,-0.0897,0.0234,0.0218,0.0261,0.0377,0.0233,-0.0512,-0.0267,-0.0122,-0.0251,-0.0475,0.0617,0.0542,-0.0899,-0.0672,0.0005
relaxation,-0.6257,-0.1728,0.0907,0.0452,0.0437,-0.1907,-0.0754,-0.1247,-0.089,0.01,0.0946,0.0069,-0.0951,-0.03,0.1005,-0.0736,-0.0287,-0.1019,0.1349,-0.1414,0.0228,-0.0497,-0.0014,0.0115,-0.031
relief,-0.6614,-0.1691,-0.1065,-0.009,0.0596,-0.0302,0.0088,-0.075,-0.0562,0.0948,0.0586,-0.0037,-0.0458,0.0708,-0.0495,0.1283,-0.0668,0.0844,-0.0293,-0.0039,0.0136,-0.0224,-0.0161,-0.0404,-0.1391
relinquished,0.0799,-0.2622,0.0413,0.0341,0.1779,0.1788,0.2937,-0.0934,-0.0972,0.0743,-0.0953,-0.0476,-0.0344,-0.0656,-0.2668,-0.0384,0.0597,0.052,0.0651,-0.024,-0.0211,0.0885,-0.0975,0.0039,-0.024
remorse,0.38,-0.2499,0.0409,-0.0601,-0.0738,0.0644,-0.0186,0.0472,0.0085,0.1654,0.1224,-0.1636,0.0684,-0.0792,0.168,0.0153,-0.0997,0.0928,-0.1227,0.1019,0.104,-0.0606,-0.0206,0.0577,0.0195
repelled,0.5498,0.12,0.0555,-0.0456,0.099,0.0565,0.0546,0.0334,-0.1695,-0.0908,-0.0699,-0.0724,-0.0466,-0.1638,0.0475,0.0145,0.0327,-0.0395,0.1254,0.1348,-0.0905,0.0107,-0.0434,-0.0423,0.1626
repugnance,0.5783,0.1157,-0.048,0.154,0.0263,0.0676,-0.0108,-0.0454,-0.1637,0.0778,0.1867,-0.015,-0.0521,-0.0468,0.1754,-0.0536,0.0026,0.0198,0.1044,0.2481,0.1438,-0.0204,-0.0642,0.0012,0
repulsion,0.6028,0.177,0.0193,-0.1139,0.0179,0.0264,0.1115,-0.1516,-0.1269,-0.0002,0.0366,-0.1307,-0.0703,0.0511,-0.0592,-0.0572,0.0522,-0.1394,0.0374,0.0138,0.1013,0.1514,-0.0733,0.098,0.0425
resentful,0.4857,0.0578,-0.1592,0.0369,0.0783,-0.1057,0.0562,-0.0246,-0.0387,0.0262,-0.0291,-0.0249,0.092,-0.0134,-0.1206,-0.1132,0.0546,-0.0776,-0.0185,-0.1464,-0.0271,-0.1844,-0.036,0.1066,-0.087
resentment,0.5429,0.101,0.0888,0.0582,0.118,-0.0622,0.0823,-0.0281,-0.0061,0.1651,-0.1338,-0.0137,0.1307,-0.0509,0.0313,0.0594,0.0234,-0.0772,0.1101,0.07,0.101,0.0838,-0.0611,-0.1003,-0.0994
resignation,0.2131,-0.2875,-0.0735,0.0792,0.1813,0.1382,-0.0209,0.0724,-0.1123,-0.1521,0.1054,0.041,0.0982,-0.0151,-0.0944,0.0384,-0.0395,0.0642,-0.0287,-0.1295,0.1194,-0.1255,0.0047,0.0088,-0.041
resolve,-0.502,-0.0792,0.0235,-0.0266,-0.1228,-0.1704,0.0862,-0.0469,-0.0154,0.0036,-0.1029,-0.0413,0.1563,0.1464,0.0363,-0.0972,0.0368,-0.0463,0.1097,-0.0627,0.0141,0.1196,0.1047,-0.1564,0.0807
responsiveness,-0.5334,-0.1944,0.071,-0.0213,0.1158,-0.0213,0.172,-0.1035,0.0779,-0.0948,0.1591,-0.058,-0.0329,0.0794,0.0785,0.0571,0.0331,0.0798,0.1167,-0.1125,0.0625,0.1213,-0.0207,0.0039,0.1188
revelation,-0.4794,0.1063,0.0309,-0.0373,0.0208,-0.0202,0.0814,0.0904,0.0898,-0.0065,0.1317,-0.0651,0.017,0.1065,-0.0286,0.0942,0.032,0.1038,-0.2025,0.0691,-0.1503,-0.0792,0.0651,0.0806,-0.0734
revulsion,0.5502,0.1907,0.1481,-0.0308,-0.0221,0.122,0.0857,0.0564,-0.0289,-0.0101,-0.1191,-0.006,0.0361,-0.0036,0.0124,-0.1169,-0.0498,0.0919,-0.0427,-0.0183,0.0142,-0.074,0.003,0.1661,0.1233
rush,-0.1481,0.3222,0.0728,-0.0818,0.0042,0.2323,0.1295,0.1682,0.1426,-0.0361,-0.0931,-0.0932,-0.1338,-0.119,-0.1051,0.18,0.1595,0.0132,0.1361,-0.0104,0.0546,-0.0452,-0.0353,0.031,-0.0627
sadness,0.5209,-0.1878,-0.156,-0.0418,0.0504,-0.0114,0.071,0.078,0.1146,0.1833,0.0015,0.0255,-0.0396,0.1829,0.0181,0.0618,0.0501,-0.0479,-0.0933,0.0463,0.0767,-0.0123,0.0558,0.0293,-0.0445
sarcasm,0.2198,0.138,-0.0827,0.0538,0.195,-0.073,-0.1235,-0.0611,-0.0982,-0.0307,0.081,-0.0651,0.0658,0.1809,-0.0968,-0.203,-0.1446,0.071,-0.1362,0.0347,-0.096,-0.0045,-0.1416,0.0879,0.0731
satiated,-0.6644,-0.237,-0.0392,-0.0397,0.0216,0.1297,0.0306,0.1038,-0.0518,0.0523,0.0345,0.0284,-0.193,-0.0124,-0.0153,-0.1132,-0.0774,-0.015,0.1175,0.0019,0.0174,-0.0556,0.0435,0.0284,-0.0168
satisfaction,-0.6737,-0.1293,-0.1101,0.0614,-0.1503,0.0262,0.0085,-0.1097,-0.0113,-0.0414,0.0197,0.1612,-0.1159,0.0444,-0.0761,-0.0618,-0.0416,0.0317,-0.0487,-0.0028,-0.0706,-0.0147,-0.0265,-0.0781,-0.0233
scare,0.4256,0.1976,0.1547,-0.2515,0.0253,-0.0161,-0.0732,0.1769,-0.1382,0.1304,-0.1188,0.0687,-0.0188,0.2073,0.0816,-0.0149,0.0008,-0.1098,-0.0212,-0.0658,-0.047,-0.0273,-0.0745,-0.0328,-0.0556
scolding,0.4455,0.2749,-0.0626,0.2208,-0.0116,0.0381,-0.0537,0.1475,0.0349,-0.0552,-0.0083,0.1084,-0.0339,-0.042,-0.0358,-0.0529,0.0116,0.1035,0.0633,-0.0194,0.081,0.0427,0.0013,0.0685,-0.1302
scorn,0.5236,0.2757,0.0746,0.1097,-0.0723,0.081,-0.0394,0.0545,-0.1205,-0.0585,0.1822,0.1582,0.0929,-0.009,-0.0814,-0.0538,-0.1089,0.0775,0.0069,0.0096,-0.0293,0.0625,0.0446,-0.0873,0.0256
secure,-0.6605,-0.0972,0.1756,-0.0431,-0.0749,-0.0788,0.0606,0.0767,-0.0342,0.0899,-0.0985,-0.1143,-0.1287,0.0023,0.0799,-0.0086,0.0572,-0.1097,-0.0373,-0.0448,-0.049,-0.0647,0.0773,0.048,0.1279
self-deprecation,0.2586,-0.0159,0.0722,0.1371,0.0439,0.2345,-0.0338,-0.0802,-0.2623,0.2381,-0.0547,-0.0353,0.0097,-0.1786,0.1167,0.157,-0.0809,0.1199,-0.1251,-0.0316,0.1026,0.0602,-0.0133,-0.0177,0.0021
serene,-0.6785,-0.2942,0.0109,-0.0339,-0.1294,-0.0339,-0.0939,0.0959,0.0305,0.044,-0.0494,0.1266,-0.0742,0.048,-0.0588,-0.0013,-0.1333,0.0333,0.0528,0.0696,0.0583,0.0284,-0.1222,-0.1222,0.0504
seriousness,0.0456,-0.0199,0.1251,0.1833,-0.1345,-0.1015,0.0499,0.0091,0.1696,-0.3031,-0.2375,0.015,0.1473,0.1616,0.1604,0.101,-0.0213,0.0999,0.1434,0.061,-0.0328,0.1187,-0.062,0.0816,0.0313
shame,0.4208,-0.0966,-0.0309,0.0419,0.153,0.1977,-0.0846,-0.0339,0.0235,0.1068,-0.1083,-0.0961,-0.1708,0.1645,-0.1232,-0.0976,-0.0368,-0.0323,0.0112,0.0449,0.1723,0.0209,0.0783,0.2222,0.0705
shock,0.1791,0.3468,0.0481,-0.2197,-0.112,-0.0524,-0.0304,0.1497,0.1774,-0.0307,0.0445,-0.054,-0.1851,0.2737,-0.051,0.123,0.0652,0.0291,-0.0033,-0.1585,0.0314,0.0077,-0.0146,-0.0445,-0.0508
sickness,0.4338,-0.2092,-0.0393,-0.1902,0.122,0.2521,-0.0391,0.237,0.089,-0.1045,0.0799,-0.0941,0.0474,0.0321,-0.0129,-0.1028,-0.025,0.124,-0.0431,0.1042,-0.1218,-0.0045,0.0482,0.1758,-0.0901
silence,0.0435,-0.3465,-0.0045,-0.0016,0.1758,-0.332,-0.0859,0.0383,-0.0203,0.0039,-0.0094,-0.0906,-0.1918,-0.0634,-0.0256,0.1042,0.0026,-0.007,0.1397,-0.0416,-0.0035,0.1927,-0.0204,-0.1561,0.0682
silliness,-0.5917,0.1496,-0.2712,0.0621,0.0674,-0.2586,-0.1533,0.0307,0.1425,-0.0583,0.0922,-0.2513,0.079,0.1094,0.0132,-0.2349,-0.097,-0.0004,-0.0238,0.0412,-0.0389,0.0543,0.0151,-0.0605,-0.0217
simpleness,-0.4541,-0.2037,-0.1106,0.2945,-0.1437,-0.0244,-0.0881,0.0572,-0.0413,0.134,-0.1237,0.0613,-0.0124,-0.0524,-0.1224,-0.0292,-0.0074,-0.0107,0.1461,0.0787,-0.0495,-0.1318,-0.026,0.0334,0.0816
skepticism,0.1719,-0.0273,0.1157,-0.072,0.08,-0.1098,-0.084,0.0132,-0.0219,-0.1164,0.2765,0.1232,-0.1351,-0.2297,0.0991,-0.0893,-0.063,0.0437,0.0987,-0.0244,-0.1518,-0.0079,0.0128,0.0592,0.0139
smugness,0.2465,0.1929,-0.0728,0.0702,0.1643,-0.0246,-0.0186,0.0152,0.0725,0.0275,0.1141,0.2259,-0.0228,0.0487,0.1198,-0.1201,0.0709,0.0008,0.0467,-0.0958,-0.1549,0.219,0.1011,0.1254,0.1174
snarky,0.3488,0.2511,0.0339,0.1397,0.0433,0.0943,0.0904,0.0059,0.1538,-0.022,0.0747,0.0486,-0.1375,-0.005,0.163,0.0328,0.1346,0.1072,-0.1073,-0.0293,0.0122,-0.0678,-0.0397,-0.0859,-0.1448
snide,0.3656,0.1376,-0.0776,0.1536,0.1314,0.144,-0.0085,0.0519,0.1062,0.1845,0.0391,0.1683,-0.0194,0.1353,0.0314,-0.0103,0.0897,-0.0234,0.1593,-0.0731,0.0335,0.0138,0.1445,0.027,-0.0291
snobby,0.2658,0.0751,0.0741,-0.0508,0.5366,0.0251,0.0065,-0.0485,-0.0922,-0.2703,0.119,0.0146,-0.0052,0.1522,-0.1592,-0.1048,0.0942,-0.0126,-0.0471,-0.0726,0.1049,0.0488,-0.1642,0.0083,-0.0411
snot,0.2696,0.1225,0.132,0.0157,0.2295,-0.12,-0.0024,0.3,-0.1714,0.1375,-0.013,0.012,-0.1639,-0.1134,0.0474,0.0403,0.0539,0.0308,0.0725,-0.019,0.1984,0.034,-0.1142,0.0077,0.1106
softness,-0.6459,-0.2463,0.1088,-0.0373,0.0457,0.0073,-0.0339,0.013,-0.1337,-0.0502,-0.2062,0.0807,0.0814,0.0638,-0.0431,0.0278,0.0402,-0.0275,-0.1194,0.0044,-0.0469,-0.1403,-0.0762,0.0232,0.0361
somber,0.3053,-0.2553,0.0436,-0.0013,-0.0258,-0.0104,0.0772,0.061,0.1241,-0.0872,-0.0176,-0.1147,-0.0814,0.0759,-0.0059,0.2535,-0.0153,-0.1554,0.1028,0.1106,-0.1818,-0.0928,-0.0616,-0.0673,0.0494
sorrow,0.4303,-0.2726,-0.2516,-0.0204,-0.1521,0.0243,0.1363,0.2802,0.1107,-0.0056,-0.1109,0.012,-0.0017,0.0278,0.0231,0.0284,-0.116,-0.0557,-0.0206,-0.0077,-0.0413,-0.0002,0.1142,0.0291,0.1472
sourness,0.4738,0.0928,0.0421,0.0255,0.144,0.0639,0.0091,-0.1415,-0.0029,0.0244,0.0686,0.0957,0.0164,0.0341,-0.1771,-0.0154,-0.0173,0.2364,0.0354,-0.0907,-0.0965,0.0557,-0.0091,0.0163,-0.0109
speechless,-0.0313,-0.229,-0.0388,-0.1029,0.2124,0.0484,-0.0037,0.1334,0.0038,-0.0069,-0.203,-0.0257,0.0005,0.1614,0.0184,0.0466,-0.2151,-0.1039,0.0694,0.0116,0.0993,0.028,0.1224,-0.0012,-0.0388
spook,0.3126,0.2625,0.0707,-0.0955,-0.1796,-0.1996,0.2583,0.1951,0.0394,-0.0166,-0.0987,-0.0558,-0.0575,-0.0367,0.1505,-0.0841,-0.1021,0.0604,-0.0267,-0.0283,-0.0394,0.1672,0.0556,-0.0173,-0.1574
squeamish,0.343,-0.0495,0.16,-0.0457,-0.2001,0.1132,-0.1804,0.0639,-0.1686,0.0616,0.0325,-0.0012,-0.1463,0.3037,0.019,-0.0706,-0.094,0.1368,-0.0357,0.0437,0.247,-0.0519,-0.0777,-0.0128,-0.0392
stability,-0.4975,-0.3095,-0.019,0.1315,0.0892,-0.2169,0.2092,0.0641,-0.1187,-0.0425,-0.0061,0.0452,-0.0298,-0.0015,0.0305,-0.0592,-0.0652,-0.0666,-0.0312,-0.0449,0.06,0.1102,-0.0757,-0.0751,-0.0032
startlement,0.0103,0.1871,-0.0965,-0.0875,-0.188,0.0864,-0.0234,-0.0937,0.0544,0.1472,-0.0823,-0.1391,-0.0714,0.0785,-0.154,-0.1007,-0.0296,-0.0289,-0.1808,-0.1528,0.0308,0.1514,0.1195,-0.1383,-0.0063
stern,0.2243,0.217,-0.1059,0.1984,-0.1165,0.006,0.0885,-0.0905,-0.0207,0.1616,-0.1667,-0.0289,-0.0147,0.1575,0.0849,-0.0794,0.1639,0.0032,0.0141,0.0732,-0.0847,0.161,0.0532,0.1726,0.1222
strength,-0.6184,-0.0958,0.1899,0.0064,-0.0682,0.0803,0.3124,-0.0943,0.0781,0.0489,-0.0037,-0.1038,-0.0249,0.0071,0.0086,-0.1799,-0.0964,-0.0222,-0.2022,-0.0029,0.0853,0.0305,-0.0055,-0.0761,0.0542
stress,0.3322,-0.0617,-0.2465,-0.1483,-0.1611,-0.0632,-0.1697,0.0033,0.0958,-0.1334,-0.0131,0.07,0.1175,0.1495,0.031,-0.0273,-0.0308,0.0205,0.0134,0.0567,-0.0524,0.0309,-0.0036,-0.1415,-0.0649
stubbornness,0.1703,0.041,0.1486,0.0572,0.3495,0.1812,0.0875,0.0298,-0.0213,0.091,0.0414,-0.1574,-0.079,-0.1576,-0.0407,0.1821,-0.1686,0.0876,0.123,-0.0361,-0.1467,-0.0688,-0.0686,-0.0818,0.0023
sulky,0.3923,-0.2658,-0.0482,0.0863,0.164,0.0653,0.133,0.1104,0.0267,0.1905,-0.0995,-0.0457,0.049,0.1186,0.0273,-0.04,-0.0808,-0.0634,-0.0012,-0.0469,0.0113,0.0435,-0.12,-0.0475,0.0026
sullenness,0.4432,-0.2756,-0.0888,0.0882,0.0863,0.1098,-0.0701,-0.0627,0.0698,0.0865,0.0431,0.1037,-0.0281,-0.0137,-0.1046,0.0423,0.0417,-0.1097,-0.0969,0.0471,0.0645,0.0475,-0.1668,0.0065,-0.0642
surprise,-0.4189,0.3992,-0.0677,-0.0978,-0.1057,-0.1424,0.0268,-0.1914,-0.0447,0.1242,-0.0076,-0.0556,0.0676,-0.0914,0.0048,-0.117,-0.1416,-0.1488,-0.0512,0.0866,0.0341,-0.0858,0.0101,-0.0745,0.0476
suspicion,0.2673,0.0132,0.1705,-0.12,0.1638,0.0399,-0.0564,-0.0777,-0.0808,-0.0545,0.2421,-0.1372,0.043,0.1143,0.1677,0.0621,0.0077,-0.0132,-0.0968,0.1231,0.1381,0.0253,0.1487,-0.0078,-0.0615
sympathy,-0.5464,-0.2559,-0.0806,0.0722,0.0053,-0.0626,0.0128,0.0859,0.0164,-0.0692,0.0574,-0.034,-0.0987,-0.023,-0.1472,-0.083,0.1059,0.0276,-0.0628,0.2186,-0.1032,-0.0669,0.0557,-0.0261,0.0009
taut,0.0424,0.0657,0.0211,-0.1459,0.2193,0.0061,-0.1205,-0.159,0.0686,0.1204,-0.0174,0.2537,0.0692,0.1348,0.0045,0.097,0.183,-0.2107,0.0578,0.0195,0.1642,0.0675,0.1194,0.0935,-0.1084
tease,0.0769,0.1788,-0.1031,-0.0222,0.1653,-0.1687,-0.1086,0.0051,0.1554,-0.1869,-0.1641,-0.0062,-0.214,-0.0842,0.1876,-0.0148,-0.0233,-0.035,0.0529,0.0079,-0.0028,-0.1077,-0.0369,-0.1013,0.0552
temper,0.2435,0.1773,-0.0059,-0.0899,-0.0872,0.0458,0.1793,-0.0953,0.069,-0.2541,0.0408,-0.0362,0.0495,0.2787,-0.1719,-0.1185,0.0206,-0.1627,0.081,0.0959,0.0084,-0.0068,0.1139,-0.0712,0.1129
tension,0.312,0.156,-0.1471,-0.2347,-0.0943,-0.1097,-0.1203,-0.0254,0.0339,-0.1273,-0.0775,-0.1457,0.0848,0.0287,-0.1245,-0.1228,0.0378,0.0856,-0.0101,0.0022,-0.1183,-0.0692,-0.1001,0.1161,-0.0846
tentativeness,0.0419,-0.0034,0.1233,0.0846,0.0028,-0.0091,-0.2615,-0.2507,-0.0093,0.023,-0.0396,0.1314,0.0962,0.0262,-0.1648,0.045,0.13,-0.0385,0.0048,0.1463,-0.0772,-0.0066,0.0735,-0.0393,-0.0037
terror,0.5778,0.2657,-0.0692,0.0081,-0.3011,0.0328,0.1361,0.0161,-0.1172,0.0173,-0.1144,-0.0537,-0.0856,0.1995,0.0136,-0.1059,0.0565,0.0281,0.018,-0.1402,0.0907,-0.0653,-0.0027,0.0347,-0.0511
testy,0.3981,0.1676,0.0396,0.0269,0.207,0.026,-0.1269,0.1158,0.1292,-0.0685,0.033,-0.0027,0.0742,0.0652,-0.1273,0.0624,0.1151,-0.0361,-0.0007,-0.0171,-0.1242,-0.1433,-0.0064,0.0026,-0.0197
thankfulness,-0.6987,0.0463,-0.1087,0.133,-0.0137,0.1705,0.0004,-0.0474,0.0021,-0.0084,0.0552,0.1596,0.0163,-0.0966,0.0781,0.0225,-0.0305,-0.1253,0.079,-0.1456,-0.0044,-0.0508,0.0017,0.022,0.0031
thinking,-0.3965,-0.1026,0.2195,0.0688,0.1611,-0.2055,0.0881,-0.0038,0.0342,0.082,0.1065,0.1386,-0.0221,0.0144,0.0006,-0.0411,-0.1003,0.0137,-0.0532,0.0302,-0.0135,-0.0746,0.1043,0.1419,-0.1133
thoughtfulness,-0.6406,-0.255,0.0855,-0.0954,0.0283,0.0782,-0.0222,0.0008,0.1155,0.0423,-0.13,-0.0212,-0.029,-0.1542,0.0075,-0.2288,0.0215,-0.0837,-0.0195,0.0703,-0.0458,0.0504,-0.0441,0.0394,-0.0779
threat,0.5667,0.3045,0.1085,-0.2331,-0.0108,-0.1516,-0.0015,-0.1004,0.1253,0.0532,-0.0344,-0.0097,-0.0247,0.0842,0.0011,0.0745,-0.0002,0.0169,-0.0612,-0.071,0.0624,-0.0392,0.0003,-0.0361,0.0035
thrill,-0.5166,0.3935,-0.1547,-0.0759,0.1708,-0.0774,0.0787,-0.0679,0.0833,0.0356,0.0699,-0.0072,0.037,-0.066,-0.0449,0.102,-0.0165,0.0378,-0.065,-0.0586,0.0706,-0.0604,-0.021,-0.0108,-0.0684
tightness,0.0996,0.1724,-0.0942,0.084,-0.0622,0.0381,0.0128,0.0218,-0.0895,-0.1294,-0.1946,-0.0935,-0.147,0.0629,0.048,0.1225,0.0272,-0.008,-0.0197,0.2888,-0.0509,0.0247,0.0073,0.1632,-0.0111
timidity,0.0585,-0.176,0.0937,-0.0302,0.0385,-0.3259,-0.1834,-0.3053,0.0193,0.2205,-0.0304,0.0342,-0.1154,0.0149,0.0346,0.0047,-0.015,-0.0648,-0.0176,0.0298,-0.0164,0.1843,-0.0671,-0.0418,-0.1024
tiredness,0.2233,-0.4333,0.0214,0.0648,0.1062,-0.0806,0.005,0.0572,-0.0607,-0.1939,-0.0479,-0.0062,-0.0682,-0.0045,0.1649,0.1141,0.0878,-0.0168,0.0357,0.1259,-0.1145,0.0935,0.1793,0.0023,0.063
tolerance,-0.4302,-0.1877,0.1752,0.1537,-0.0944,0.2002,-0.1154,0.1036,-0.0626,-0.0924,-0.0953,0.0442,0.1021,0.0986,0.07,0.0002,0.0133,0.0959,-0.0363,-0.0479,0.0396,0.1051,-0.0912,-0.073,-0.0783
torment,0.5912,0.1759,0.0877,0.0983,-0.0116,0.0072,-0.1499,-0.1226,0.1558,-0.0392,0.0606,0.0532,-0.3109,0.0124,0.0023,-0.0631,-0.0554,-0.149,0.0266,0.0072,0.0557,-0.0011,0.011,-0.016,-0.0247
tranquility,-0.6554,-0.2416,0.039,0.0897,0.0945,-0.0873,-0.0456,-0.105,-0.1352,0.1568,-0.188,-0.0351,-0.1921,0.0844,-0.1083,-0.0373,-0.1232,0.1083,-0.1254,-0.0223,0.0307,0.0184,-0.0795,-0.0361,0.0189
transfixion,-0.0886,0.0633,0.1422,-0.2065,-0.0488,-0.0673,0.1273,-0.0935,-0.1608,-0.0626,0.0323,0.1193,-0.138,0.1468,-0.1839,0.0863,0.0593,-0.0126,0.2383,-0.0607,-0.2215,0.1085,-0.0467,-0.0623,-0.1017
trauma,0.4322,0.0996,0.134,-0.2342,-0.1332,-0.1055,-0.268,0.0028,-0.0182,0.1095,-0.0256,0.1322,-0.1,0.0394,-0.1471,0.071,0.1156,-0.0166,0.194,-0.0506,0.014,-0.0716,-0.0739,-0.121,-0.0164
turmoil,0.4239,0.1148,-0.012,0.0207,-0.1527,-0.0235,-0.1257,0.2026,-0.0048,-0.0178,0.163,0.0048,-0.1243,0.0171,-0.0383,-0.0951,-0.1158,-0.1707,0.064,-0.0282,-0.0015,-0.0079,-0.0148,-0.1038,-0.1874
unaccepted,0.4017,-0.1179,0.0651,-0.0968,0.041,0.0188,-0.0446,-0.1888,0.272,0.0392,0.0767,0.156,0.1378,-0.1507,-0.0439,-0.0031,0.0589,-0.0348,-0.006,-0.0005,0.0109,0.0195,0.0056,-0.0306,0.1648
unaroused,0.0551,-0.3854,0.0763,0.0699,0.0238,-0.1297,-0.0608,-0.0051,0.0093,-0.0225,0.1062,-0.2671,-0.0599,0.1053,0.046,0.1439,-0.0644,0.0089,-0.1213,-0.0839,-0.1659,0.0884,-0.0736,0.0709,0.0578
unbiasedness,-0.3466,-0.2704,-0.0369,0.132,-0.0119,0.1076,-0.0184,-0.2287,0.0963,-0.1118,-0.0574,-0.038,0.0399,0.0974,-0.189,-0.1381,0.069,0.1042,0.0522,0.0581,-0.091,0.0211,0.0521,-0.0836,0.0006
uncertainty,0.0768,-0.1243,-0.1568,-0.0379,0.0737,0.1602,-0.1197,0.014,0.0436,0.2953,-0.0203,-0.1761,0.1437,-0.0272,-0.1077,0.033,0.0941,0.0737,0.0833,0.009,-0.0391,-0.0036,-0.0153,-0.096,0.0934
uncomfortable,0.2909,0.0537,-0.0462,-0.0496,-0.155,-0.147,-0.0735,-0.0323,0.0474,-0.1078,0.0088,-0.2349,-0.122,-0.0543,-0.0167,0.0178,-0.0059,-0.087,0.0049,-0.1161,0.132,-0.1532,0.1273,-0.0558,0.0869
unconcerned,-0.0833,-0.2582,0.1065,-0.0023,0.2677,-0.1216,0.0257,0.0003,-0.2609,-0.0331,0.0918,-0.0893,-0.0613,-0.1275,0.0253,-0.0766,-0.1552,-0.0179,-0.0245,-0.0449,-0.0413,-0.1633,0.143,-0.0281,-0.1895
undecided,0.0151,-0.1905,0.1603,-0.0393,0.1997,-0.0146,-0.0499,-0.0752,0.1483,0.1787,-0.1964,-0.0781,0.1297,-0.0098,0.0204,-0.0444,0.1023,0.1963,0.0023,0.1043,-0.0217,-0.0537,-0.0364,-0.0343,0.0351
understanding,-0.581,-0.2276,0.1545,-0.0896,-0.1427,0.0154,-0.0252,-0.0365,-0.1633,-0.1107,0.161,-0.1147,0.0105,-0.052,0.0219,0.0168,0.0301,0.0135,0.0765,-0.0268,-0.0071,0.052,0.0022,-0.0046,-0.0663
uneasiness,0.3016,-0.2084,0.1724,0.2294,-0.0295,0.0426,-0.2125,-0.1289,0.0096,-0.1344,0.04,-0.1372,0.1037,-0.0351,0.0555,-0.0935,-0.0088,-0.0212,-0.0987,0.211,-0.0211,0.0452,-0.0129,0.0485,-0.0481
unexpected,-0.0894,0.0732,-0.1965,-0.1419,-0.0693,-0.0188,-0.0113,-0.102,0.077,0.2288,-0.0512,-0.1206,-0.1205,-0.0844,0.0276,-0.0307,0.1367,0.0329,0.1657,-0.0841,0.1783,0.2468,-0.0616,0.0034,-0.0566
unforgivingness,0.4539,0.0858,0.0655,0.0743,0.1764,0.1684,-0.087,-0.1371,-0.0092,-0.1797,0.0013,0.1984,-0.0267,-0.2004,0.0324,-0.0921,-0.0009,-0.1088,0.087,-0.1516,-0.0706,0.1496,-0.1083,-0.0321,-0.0712
unhappiness,0.5604,-0.2605,-0.0864,0.0823,-0.1747,0.0835,0.0414,0.0319,-0.0909,0.0247,0.008,0.0079,-0.0067,0.0438,0.0084,-0.0141,0.0674,0.0034,0.0442,-0.1058,-0.1053,0.1106,0.087,-0.0562,-0.0055
unpleasantness,0.4548,0.0296,-0.1001,-0.0131,-0.0715,0.0438,0.062,-0.0745,0.0979,-0.1214,0.0263,0.0565,0.0665,-0.0197,-0.0142,0.2122,0.0149,0.0755,-0.0361,0.1461,0.1769,-0.0994,0.0713,0.0381,-0.0916
unsavory,0.4096,0.0248,-0.218,-0.0289,-0.0155,0.2248,-0.0705,-0.0296,0.0928,-0.118,0.0261,-0.023,-0.0226,0.0102,0.0449,0.1619,0.0968,0.1614,0.0742,-0.1021,0.1374,-0.0836,-0.1056,-0.0082,-0.0153
unsettled,0.3269,-0.1284,-0.1324,-0.0556,0.1166,-0.199,-0.0551,-0.0898,0.2843,0.0288,-0.0744,-0.0144,-0.1363,0.0832,0.0982,0.049,0.0456,0.0063,0.015,0.1317,0.1077,0.0611,-0.1173,-0.067,0.0176
unsure,0.0391,-0.1214,0.104,0.0862,0.0279,0.0976,-0.138,-0.1228,0.1204,-0.0275,-0.1796,-0.1355,0.0591,-0.2815,-0.0482,0.1615,0.058,0.1091,-0.1163,-0.0943,0.1925,0.0152,-0.0142,-0.0327,0.043
unwillingness,0.2772,-0.071,-0.1067,0.0044,0.0346,0.0592,0.0458,-0.1072,0.0102,0.1779,0.2734,-0.1459,-0.0834,0.0294,-0.0656,0.0507,-0.0357,0.0335,0.0232,0.0366,-0.0132,0.11,0.0978,-0.218,0.0351
upliftment,-0.7463,-0.0288,-0.101,0.1136,-0.0801,0.1498,0.0295,0.1036,-0.1665,0.1325,0.1489,0.001,0.1752,0.0939,-0.0883,0.0003,-0.0069,0.0816,-0.0013,0.1123,0.0005,0.0658,0.011,-0.0408,0.0566
uptightness,0.2104,0.0767,0.0008,0.1967,-0.0145,-0.0582,-0.0582,-0.2213,0.1095,0.0149,0.2006,-0.0644,0.1665,-0.0446,-0.0682,-0.0138,-0.0389,0.0903,-0.0951,0.0838,0.0684,0.0883,-0.088,-0.1212,0.1659
vexation,0.3395,0.0845,-0.2421,0.1616,-0.1197,-0.0269,0.0051,-0.1181,0.0119,-0.0198,-0.118,0.0445,-0.1716,-0.269,-0.1896,-0.2372,-0.1,-0.0355,0.0346,0.0655,-0.0324,0.0523,0.0501,0.0182,0.0452
warmness,-0.693,0.0229,-0.0251,0.1366,-0.2285,0.0227,0.0194,0.0792,-0.0469,0.0022,-0.1104,-0.1603,0.0268,-0.02,-0.0441,-0.0367,-0.0111,-0.1316,0.0276,-0.0296,0.0398,0.0258,-0.0668,0.0671,-0.0038
weariness,0.2171,-0.2829,-0.1161,0.0872,0.0255,-0.1719,0.0326,0.0901,0.1623,0.112,0.1547,-0.0916,0.1439,0.0603,-0.0885,0.0276,-0.0208,-0.0638,-0.0882,-0.0653,-0.1801,-0.0512,-0.0094,0.0099,0.0666
whimsicality,-0.5996,0.1822,-0.0677,-0.1584,0.1051,-0.0671,-0.2088,0.1395,-0.2151,-0.1047,-0.012,-0.0978,0.0666,0.0109,-0.027,-0.0714,-0.0094,-0.0151,-0.0523,0.0952,-0.0529,0.0681,-0.071,-0.0078,0.0139
woeful,0.4936,-0.3222,-0.0046,-0.0642,0.0268,-0.005,-0.0684,0.026,0.0863,0.0357,-0.0052,-0.0946,0.0166,0.0128,0.0465,0.067,-0.0115,-0.0946,-0.014,-0.0801,-0.1096,-0.0788,0.0573,0.0874,-0.1309
wonder,-0.7263,0.0591,-0.056,-0.1078,-0.0067,-0.1544,0.1045,-0.0283,-0.0749,-0.0215,0.0657,0.1081,0.0607,-0.1106,-0.1252,-0.0346,-0.0024,-0.2161,-0.027,0.027,-0.0253,-0.0777,-0.0828,-0.0209,0.0517
wonderment,-0.7287,0.1219,-0.0165,-0.2984,-0.0123,0.1295,0.1073,0.0421,0.036,-0.0497,0.0239,-0.0823,-0.0034,-0.0347,0.0611,-0.0924,0.0687,0.0457,0.0073,0.0802,-0.0559,0.0235,-0.0362,0.0114,0.0165
worry,0.2762,-0.1413,-0.1193,-0.1928,-0.0357,-0.0454,0.0708,-0.0813,-0.2008,-0.0355,0.2118,0.1271,0.2385,0.0294,0.1534,0.0769,-0.0883,0.1014,0.0485,0.0489,0.0124,0.0269,0.0599,-0.0406,0.0097
wryness,0.0351,0.099,-0.3798,-0.0074,-0.0263,0.0245,-0.0279,0.1473,-0.1062,-0.0056,0.2341,0.0216,0.1636,0.0459,0.0514,-0.0127,0.0415,0.0515,0.0101,0.1944,0.06,0.108,-0.0535,-0.0891,0.022
